SocialMumID,SocialDadID,SocialMumCertain,SocialDadCertain,BroodRef,BroodName,Situation,DVDRef,DVDNumber,Filename,Age
32,4229,TRUE,TRUE,464,D027,4,55,40055,2004\40055.xlsx,7
32,4229,TRUE,TRUE,464,D027,4,81,40081,2004\40081.xlsx,11
32,4229,TRUE,TRUE,560,D123,4,313,40313,2004\40313.xlsx,7
32,4229,TRUE,TRUE,560,D123,4,338,40338,2004\40338.xlsx,11
41,517,TRUE,TRUE,522,D085,4,238,40238,2004\40238.xlsx,11
45,166,TRUE,TRUE,455,D018,4,32,40032,2004\40032.xlsx,7
45,166,TRUE,TRUE,523,D086,4,200,40200,2004\40200.xlsx,7
45,166,TRUE,TRUE,523,D086,4,235,40235,2004\40235.xlsx,11
45,166,TRUE,TRUE,597,D160,4,434,40434,2004\40434.xlsx,7
45,166,TRUE,TRUE,597,D160,4,452,40452,2004\40452.xlsx,11
45,166,TRUE,TRUE,62,E048,4,732,50174,2005\50174.xlsx,7
45,166,TRUE,TRUE,754,F006,4,1575,60004,2006\60004.xlsx,7
45,166,TRUE,TRUE,754,F006,4,1586,60015,2006\60015.xlsx,11
45,166,TRUE,TRUE,825,F077,4,1659,60088,2006\60088.xlsx,7
45,166,TRUE,TRUE,825,F077,4,1671,60100,2006\60100.xlsx,11
45,166,TRUE,TRUE,863,F115,4,1739,60168,2006\60168.xlsx,7
45,166,TRUE,TRUE,863,F115,4,1750,60179,2006\60179.xlsx,11
76,287,TRUE,TRUE,496,D059,4,113,40113,2004\40113.xlsx,7
76,287,TRUE,TRUE,496,D059,4,130,40130,2004\40130.xlsx,11
76,287,TRUE,TRUE,587,D150,4,396,40396,2004\40396.xlsx,7
76,287,TRUE,TRUE,55,E041,4,716,50158,2005\50158.xlsx,7
76,287,TRUE,TRUE,55,E041,4,755,50197,2005\50197.xlsx,11
122,132,TRUE,TRUE,526,D089,4,212,40212,2004\40212.xlsx,7
122,132,TRUE,TRUE,526,D089,4,245,40245,2004\40245.xlsx,11
122,132,TRUE,TRUE,5,D208,4,539,40539,2004\40539.xlsx,7
122,132,TRUE,TRUE,5,D208,4,553,40553,2004\40553.xlsx,11
122,1448,TRUE,TRUE,94,E080,4,813,50255,2005\50255.xlsx,7
122,1448,TRUE,TRUE,94,E080,4,854,50296,2005\50296.xlsx,11
122,1448,TRUE,TRUE,658,E157,4,1264,50707,2005\50707.xlsx,7
122,1448,TRUE,TRUE,658,E157,4,1308,50751,2005\50751.xlsx,11
206,663,TRUE,TRUE,598,D161,4,440,40440,2004\40440.xlsx,7
206,663,TRUE,TRUE,598,D161,4,458,40458,2004\40458.xlsx,11
206,2018,TRUE,TRUE,95,E081,4,817,50259,2005\50259.xlsx,7
206,2018,TRUE,TRUE,95,E081,4,852,50294,2005\50294.xlsx,11
206,2906,TRUE,TRUE,789,F041,4,1606,60035,2006\60035.xlsx,7
206,2661,TRUE,TRUE,839,F091,4,1694,60123,2006\60123.xlsx,7
206,2661,TRUE,TRUE,839,F091,4,1699,60128,2006\60128.xlsx,11
206,2661,TRUE,TRUE,874,F126,4,1758,60187,2006\60187.xlsx,7
256,132,TRUE,TRUE,493,D056,4,109,40109,2004\40109.xlsx,7
256,132,TRUE,TRUE,493,D056,4,126,40126,2004\40126.xlsx,11
256,132,TRUE,TRUE,579,D142,4,360,40360,2004\40360.xlsx,7
256,132,TRUE,TRUE,579,D142,4,381,40381,2004\40381.xlsx,11
256,1448,TRUE,TRUE,91,E077,4,800,50242,2005\50242.xlsx,7
256,1448,TRUE,TRUE,91,E077,4,843,50285,2005\50285.xlsx,11
256,650,TRUE,TRUE,649,E148,4,1213,50656,2005\50656.xlsx,7
256,650,TRUE,TRUE,649,E148,4,1257,50700,2005\50700.xlsx,11
256,650,TRUE,TRUE,806,F058,4,1642,60071,2006\60071.xlsx,7
256,650,TRUE,TRUE,806,F058,4,1655,60084,2006\60084.xlsx,11
256,650,TRUE,TRUE,852,F104,4,1727,60156,2006\60156.xlsx,7
256,650,TRUE,TRUE,852,F104,4,1733,60162,2006\60162.xlsx,11
284,456,TRUE,TRUE,519,D082,4,197,40197,2004\40197.xlsx,7
284,456,TRUE,TRUE,576,D139,4,356,40356,2004\40356.xlsx,7
284,456,TRUE,TRUE,576,D139,4,375,40375,2004\40375.xlsx,11
309,4422,TRUE,TRUE,551,D114,4,290,40290,2004\40290.xlsx,7
309,4422,TRUE,TRUE,4,D207,4,544,40544,2004\40544.xlsx,7
309,993,TRUE,TRUE,52,E038,4,712,50154,2005\50154.xlsx,7
309,993,TRUE,TRUE,52,E038,4,751,50193,2005\50193.xlsx,11
309,993,TRUE,TRUE,140,E126,4,1128,50571,2005\50571.xlsx,7
309,993,TRUE,TRUE,140,E126,4,1166,50609,2005\50609.xlsx,11
338,466,TRUE,TRUE,114,E100,4,1008,50450,2005\50450.xlsx,7
338,466,TRUE,TRUE,114,E100,4,1061,50504,2005\50504.xlsx,11
338,466,TRUE,TRUE,788,F040,4,1603,60032,2006\60032.xlsx,7
338,466,TRUE,TRUE,788,F040,4,1611,60040,2006\60040.xlsx,10
342,421,TRUE,TRUE,554,D117,4,303,40303,2004\40303.xlsx,7
342,421,TRUE,TRUE,554,D117,4,333,40333,2004\40333.xlsx,11
342,421,TRUE,TRUE,627,D190,4,495,40495,2004\40495.xlsx,7
342,421,TRUE,TRUE,627,D190,4,517,40517,2004\40517.xlsx,11
342,421,TRUE,TRUE,44,E030,4,706,50148,2005\50148.xlsx,7
342,421,TRUE,TRUE,44,E030,4,737,50179,2005\50179.xlsx,11
342,421,TRUE,TRUE,139,E125,4,1115,50558,2005\50558.xlsx,7
342,421,TRUE,TRUE,139,E125,4,1155,50598,2005\50598.xlsx,11
346,4264,TRUE,TRUE,494,D057,4,110,40110,2004\40110.xlsx,7
346,4264,TRUE,TRUE,494,D057,4,127,40127,2004\40127.xlsx,11
346,1956,TRUE,TRUE,61,E047,4,719,50161,2005\50161.xlsx,7
346,1956,TRUE,TRUE,61,E047,4,757,50199,2005\50199.xlsx,11
353,725,TRUE,TRUE,530,D093,4,220,40220,2004\40220.xlsx,7
353,725,TRUE,TRUE,530,D093,4,259,40259,2004\40259.xlsx,11
353,725,TRUE,TRUE,610,D173,4,474,40474,2004\40474.xlsx,11
353,725,TRUE,TRUE,53,E039,4,753,50195,2005\50195.xlsx,11
353,725,TRUE,TRUE,53,E039,4,743,50185,2005\50185.xlsx,11
353,725,TRUE,TRUE,647,E146,4,1184,50627,2005\50627.xlsx,7
353,725,TRUE,TRUE,647,E146,4,1223,50666,2005\50666.xlsx,11
371,4230,TRUE,TRUE,488,D051,4,106,40106,2004\40106.xlsx,7
371,4230,TRUE,TRUE,488,D051,4,122,40122,2004\40122.xlsx,11
371,4230,TRUE,TRUE,570,D133,4,359,40359,2004\40359.xlsx,11
416,4418,TRUE,TRUE,489,D052,4,105,40105,2004\40105.xlsx,7
416,4418,TRUE,TRUE,489,D052,4,121,40121,2004\40121.xlsx,11
416,4418,TRUE,TRUE,568,D131,4,346,40346,2004\40346.xlsx,7
416,4418,TRUE,TRUE,568,D131,4,362,40362,2004\40362.xlsx,11
416,4418,TRUE,TRUE,630,D193,4,509,40509,2004\40509.xlsx,7
416,4418,TRUE,TRUE,630,D193,4,524,40524,2004\40524.xlsx,11
416,4418,TRUE,TRUE,102,E088,4,937,50379,2005\50379.xlsx,7
416,4418,TRUE,TRUE,102,E088,4,993,50435,2005\50435.xlsx,11
416,4418,TRUE,TRUE,665,E164,4,1317,50760,2005\50760.xlsx,6
416,4418,TRUE,TRUE,665,E164,4,1326,50769,2005\50769.xlsx,7
416,4418,TRUE,TRUE,665,E164,4,1358,50801,2005\50801.xlsx,10
416,4418,TRUE,TRUE,665,E164,4,1364,50807,2005\50807.xlsx,11
419,4503,TRUE,TRUE,457,D020,4,71,40071,2004\40071.xlsx,11
419,4503,TRUE,TRUE,555,D118,4,310,40310,2004\40310.xlsx,7
419,4503,TRUE,TRUE,555,D118,4,335,40335,2004\40335.xlsx,11
419,4503,TRUE,TRUE,1,D204,4,540,40540,2004\40540.xlsx,7
419,4503,TRUE,TRUE,1,D204,4,554,40554,2004\40554.xlsx,11
419,765,TRUE,TRUE,73,E059,4,742,50184,2005\50184.xlsx,7
419,765,TRUE,TRUE,73,E059,4,781,50223,2005\50223.xlsx,11
427,22,TRUE,TRUE,543,D106,4,240,40240,2004\40240.xlsx,7
427,22,TRUE,TRUE,543,D106,4,270,40270,2004\40270.xlsx,11
427,22,TRUE,TRUE,39,E025,4,696,50138,2005\50138.xlsx,7
427,22,TRUE,TRUE,39,E025,4,727,50169,2005\50169.xlsx,11
427,22,TRUE,TRUE,143,E129,4,1129,50572,2005\50572.xlsx,7
427,22,TRUE,TRUE,143,E129,4,1163,50606,2005\50606.xlsx,11
427,661,TRUE,TRUE,832,F084,4,1677,60106,2006\60106.xlsx,7
427,661,TRUE,TRUE,832,F084,4,1682,60111,2006\60111.xlsx,11
428,4421,TRUE,TRUE,497,D060,4,114,40114,2004\40114.xlsx,7
428,4421,TRUE,TRUE,497,D060,4,133,40133,2004\40133.xlsx,11
428,4421,TRUE,TRUE,574,D137,4,358,40358,2004\40358.xlsx,7
428,4421,TRUE,TRUE,574,D137,4,379,40379,2004\40379.xlsx,11
428,4421,TRUE,TRUE,637,D200,4,536,40536,2004\40536.xlsx,7
428,4421,TRUE,TRUE,637,D200,4,550,40550,2004\40550.xlsx,11
431,356,TRUE,TRUE,537,D100,4,239,40239,2004\40239.xlsx,7
431,356,TRUE,TRUE,537,D100,4,269,40269,2004\40269.xlsx,11
431,356,TRUE,TRUE,50,E036,4,707,50149,2005\50149.xlsx,7
431,356,TRUE,TRUE,50,E036,4,741,50183,2005\50183.xlsx,11
431,356,TRUE,TRUE,147,E133,4,1148,50591,2005\50591.xlsx,7
431,356,TRUE,TRUE,147,E133,4,1187,50630,2005\50630.xlsx,11
438,11,TRUE,TRUE,512,D075,4,148,40148,2004\40148.xlsx,7
438,11,TRUE,TRUE,512,D075,4,175,40175,2004\40175.xlsx,11
438,11,TRUE,TRUE,588,D151,4,394,40394,2004\40394.xlsx,7
442,457,TRUE,TRUE,520,D083,4,194,40194,2004\40194.xlsx,7
442,457,TRUE,TRUE,582,D145,4,367,40367,2004\40367.xlsx,7
442,457,TRUE,TRUE,582,D145,4,390,40390,2004\40390.xlsx,11
442,457,TRUE,TRUE,48,E034,4,704,50146,2005\50146.xlsx,7
442,457,TRUE,TRUE,48,E034,4,735,50177,2005\50177.xlsx,7
442,457,TRUE,TRUE,663,E162,4,1296,50739,2005\50739.xlsx,6
442,457,TRUE,TRUE,663,E162,4,1302,50745,2005\50745.xlsx,7
442,457,TRUE,TRUE,663,E162,4,1336,50779,2005\50779.xlsx,10
442,457,TRUE,TRUE,663,E162,4,1344,50787,2005\50787.xlsx,11
471,661,TRUE,TRUE,514,D077,4,157,40157,2004\40157.xlsx,7
471,661,TRUE,TRUE,514,D077,4,183,40183,2004\40183.xlsx,11
471,661,TRUE,TRUE,591,D154,4,427,40427,2004\40427.xlsx,7
471,661,TRUE,TRUE,591,D154,4,450,40450,2004\40450.xlsx,11
471,661,TRUE,TRUE,106,E092,4,936,50378,2005\50378.xlsx,7
471,661,TRUE,TRUE,106,E092,4,992,50434,2005\50434.xlsx,11
512,765,TRUE,TRUE,498,D061,4,115,40115,2004\40115.xlsx,7
512,765,TRUE,TRUE,583,D146,4,368,40368,2004\40368.xlsx,7
512,765,TRUE,TRUE,583,D146,4,388,40388,2004\40388.xlsx,11
512,765,TRUE,TRUE,128,E114,4,1063,50506,2005\50506.xlsx,7
512,765,TRUE,TRUE,128,E114,4,1105,50548,2005\50548.xlsx,11
521,1038,TRUE,TRUE,527,D090,4,225,40225,2004\40225.xlsx,7
521,1038,TRUE,TRUE,527,D090,4,260,40260,2004\40260.xlsx,11
521,1038,TRUE,TRUE,626,D189,4,496,40496,2004\40496.xlsx,7
521,1038,TRUE,TRUE,626,D189,4,515,40515,2004\40515.xlsx,11
521,1038,TRUE,TRUE,103,E089,4,935,50377,2005\50377.xlsx,7
524,2018,TRUE,TRUE,46,E032,4,702,50144,2005\50144.xlsx,7
524,2018,TRUE,TRUE,113,E099,4,1020,50462,2005\50462.xlsx,7
524,2018,TRUE,TRUE,113,E099,4,1068,50511,2005\50511.xlsx,11
524,4153,TRUE,TRUE,753,F005,4,1574,60003,2006\60003.xlsx,7
533,417,TRUE,TRUE,518,D081,4,191,40191,2004\40191.xlsx,7
533,417,TRUE,TRUE,518,D081,4,230,40230,2004\40230.xlsx,11
533,417,TRUE,TRUE,592,D155,4,424,40424,2004\40424.xlsx,7
533,417,TRUE,TRUE,592,D155,4,446,40446,2004\40446.xlsx,11
533,417,TRUE,TRUE,27,E013,4,579,50021,2005\50021.xlsx,7
533,417,TRUE,TRUE,27,E013,4,619,50061,2005\50061.xlsx,11
533,417,TRUE,TRUE,116,E102,4,1015,50457,2005\50457.xlsx,7
533,417,TRUE,TRUE,116,E102,4,1064,50507,2005\50507.xlsx,11
540,383,TRUE,TRUE,552,D115,4,297,40297,2004\40297.xlsx,7
540,383,TRUE,TRUE,552,D115,4,323,40323,2004\40323.xlsx,11
540,1053,TRUE,TRUE,59,E045,4,724,50166,2005\50166.xlsx,7
540,1053,TRUE,TRUE,59,E045,4,762,50204,2005\50204.xlsx,11
540,1053,TRUE,TRUE,648,E147,4,1195,50638,2005\50638.xlsx,7
540,1053,TRUE,TRUE,648,E147,4,1243,50686,2005\50686.xlsx,11
542,466,TRUE,TRUE,542,D105,4,236,40236,2004\40236.xlsx,7
542,466,TRUE,TRUE,542,D105,4,274,40274,2004\40274.xlsx,11
542,251,TRUE,TRUE,80,E066,4,769,50211,2005\50211.xlsx,7
542,251,TRUE,TRUE,134,E120,4,1094,50537,2005\50537.xlsx,7
542,251,TRUE,TRUE,134,E120,4,1138,50581,2005\50581.xlsx,11
551,251,TRUE,TRUE,549,D112,4,277,40277,2004\40277.xlsx,7
551,251,TRUE,TRUE,549,D112,4,307,40307,2004\40307.xlsx,11
556,23,TRUE,TRUE,559,D122,4,315,40315,2004\40315.xlsx,7
556,23,TRUE,TRUE,68,E054,4,749,50191,2005\50191.xlsx,7
556,23,TRUE,TRUE,68,E054,4,789,50231,2005\50231.xlsx,11
560,4230,TRUE,TRUE,100,E086,4,921,50363,2005\50363.xlsx,7
560,4230,TRUE,TRUE,100,E086,4,973,50415,2005\50415.xlsx,11
562,393,TRUE,TRUE,525,D088,4,211,40211,2004\40211.xlsx,7
562,393,TRUE,TRUE,525,D088,4,252,40252,2004\40252.xlsx,11
562,393,TRUE,TRUE,625,D188,4,499,40499,2004\40499.xlsx,11
569,1717,TRUE,TRUE,127,E113,4,1062,50505,2005\50505.xlsx,7
569,1717,TRUE,TRUE,127,E113,4,1104,50547,2005\50547.xlsx,11
571,4423,TRUE,TRUE,475,D038,4,74,40074,2004\40074.xlsx,7
571,4423,TRUE,TRUE,475,D038,4,99,40099,2004\40099.xlsx,11
571,1227,TRUE,TRUE,813,F065,4,1647,60076,2006\60076.xlsx,7
571,1227,TRUE,TRUE,813,F065,4,1664,60093,2006\60093.xlsx,11
586,285,TRUE,TRUE,531,D094,4,223,40223,2004\40223.xlsx,7
586,285,TRUE,TRUE,531,D094,4,261,40261,2004\40261.xlsx,11
586,2651,TRUE,TRUE,910,G029,4,1801,70043,2007\70043.xlsx,7
586,2651,TRUE,TRUE,910,G029,4,1807,70049,2007\70049.xlsx,11
586,2651,TRUE,TRUE,944,G063,4,1878,70120,2007\70120.xlsx,7
586,2651,TRUE,TRUE,944,G063,4,1883,70125,2007\70125.xlsx,11
592,418,TRUE,TRUE,564,D127,4,329,40329,2004\40329.xlsx,7
592,418,TRUE,TRUE,63,E049,4,730,50172,2005\50172.xlsx,7
592,418,TRUE,TRUE,63,E049,4,767,50209,2005\50209.xlsx,11
592,418,TRUE,TRUE,670,E169,4,1353,50796,2005\50796.xlsx,7
592,418,TRUE,TRUE,766,F018,4,1589,60018,2006\60018.xlsx,7
592,418,TRUE,TRUE,870,F122,4,1746,60175,2006\60175.xlsx,7
592,418,TRUE,TRUE,870,F122,4,1754,60183,2006\60183.xlsx,11
604,4304,TRUE,TRUE,561,D124,4,319,40319,2004\40319.xlsx,7
604,4304,TRUE,TRUE,105,E091,4,920,50362,2005\50362.xlsx,6
604,4304,TRUE,TRUE,105,E091,4,934,50376,2005\50376.xlsx,7
604,4304,TRUE,TRUE,105,E091,4,990,50432,2005\50432.xlsx,11
604,4304,TRUE,TRUE,672,E171,4,1350,50793,2005\50793.xlsx,7
605,4423,TRUE,TRUE,462,D025,4,45,40045,2004\40045.xlsx,7
605,4423,TRUE,TRUE,462,D025,4,75,40075,2004\40075.xlsx,11
605,4423,TRUE,TRUE,558,D121,4,308,40308,2004\40308.xlsx,7
605,4423,TRUE,TRUE,602,D165,4,449,40449,2004\40449.xlsx,7
605,4423,TRUE,TRUE,602,D165,4,465,40465,2004\40465.xlsx,11
605,1227,TRUE,TRUE,71,E057,4,746,50188,2005\50188.xlsx,7
605,1227,TRUE,TRUE,71,E057,4,779,50221,2005\50221.xlsx,11
622,2187,TRUE,TRUE,849,F101,4,1710,60139,2006\60139.xlsx,7
622,2187,TRUE,TRUE,849,F101,4,1720,60149,2006\60149.xlsx,11
646,500,TRUE,TRUE,524,D087,4,213,40213,2004\40213.xlsx,7
646,500,TRUE,TRUE,524,D087,4,254,40254,2004\40254.xlsx,11
646,500,TRUE,TRUE,605,D168,4,453,40453,2004\40453.xlsx,7
646,500,TRUE,TRUE,605,D168,4,470,40470,2004\40470.xlsx,11
646,500,TRUE,TRUE,60,E046,4,720,50162,2005\50162.xlsx,7
646,500,TRUE,TRUE,60,E046,4,759,50201,2005\50201.xlsx,11
646,1226,TRUE,TRUE,652,E151,4,1210,50653,2005\50653.xlsx,7
649,460,TRUE,TRUE,515,D078,4,186,40186,2004\40186.xlsx,7
649,460,TRUE,TRUE,515,D078,4,226,40226,2004\40226.xlsx,11
649,460,TRUE,TRUE,595,D158,4,433,40433,2004\40433.xlsx,7
649,460,TRUE,TRUE,595,D158,4,454,40454,2004\40454.xlsx,11
649,460,TRUE,TRUE,656,E155,4,1244,50687,2005\50687.xlsx,7
649,460,TRUE,TRUE,656,E155,4,1291,50734,2005\50734.xlsx,11
704,504,TRUE,TRUE,538,D101,4,237,40237,2004\40237.xlsx,7
704,504,TRUE,TRUE,538,D101,4,268,40268,2004\40268.xlsx,11
723,24,TRUE,TRUE,484,D047,4,84,40084,2004\40084.xlsx,7
723,24,TRUE,TRUE,484,D047,4,111,40111,2004\40111.xlsx,11
750,3496,TRUE,TRUE,931,G050,4,1849,70091,2007\70091.xlsx,7
750,3496,TRUE,TRUE,931,G050,4,1860,70102,2007\70102.xlsx,11
753,822,TRUE,TRUE,532,D095,4,229,40229,2004\40229.xlsx,7
753,822,TRUE,TRUE,532,D095,4,264,40264,2004\40264.xlsx,11
753,822,TRUE,TRUE,609,D172,4,459,40459,2004\40459.xlsx,7
753,822,TRUE,TRUE,609,D172,4,476,40476,2004\40476.xlsx,11
784,499,TRUE,TRUE,563,D126,4,330,40330,2004\40330.xlsx,7
784,1095,TRUE,TRUE,74,E060,4,763,50205,2005\50205.xlsx,7
784,1095,TRUE,TRUE,126,E112,4,1066,50509,2005\50509.xlsx,7
784,417,TRUE,TRUE,809,F061,4,1644,60073,2006\60073.xlsx,7
784,417,TRUE,TRUE,809,F061,4,1658,60087,2006\60087.xlsx,11
784,417,TRUE,TRUE,856,F108,4,1731,60160,2006\60160.xlsx,7
784,417,TRUE,TRUE,856,F108,4,1737,60166,2006\60166.xlsx,11
819,602,TRUE,TRUE,49,E035,4,703,50145,2005\50145.xlsx,7
819,602,TRUE,TRUE,49,E035,4,734,50176,2005\50176.xlsx,11
819,11,TRUE,TRUE,673,E172,4,1352,50795,2005\50795.xlsx,7
832,1099,TRUE,TRUE,546,D109,4,246,40246,2004\40246.xlsx,7
832,1099,TRUE,TRUE,546,D109,4,276,40276,2004\40276.xlsx,11
832,1464,TRUE,TRUE,118,E104,4,1040,50482,2005\50482.xlsx,7
832,1464,TRUE,TRUE,118,E104,4,1084,50527,2005\50527.xlsx,11
843,2904,TRUE,TRUE,826,F078,4,1665,60094,2006\60094.xlsx,7
843,2904,TRUE,TRUE,826,F078,4,1675,60104,2006\60104.xlsx,11
843,2904,TRUE,TRUE,862,F114,4,1738,60167,2006\60167.xlsx,7
843,2904,TRUE,TRUE,862,F114,4,1749,60178,2006\60178.xlsx,11
857,4247,TRUE,TRUE,575,D138,4,355,40355,2004\40355.xlsx,7
857,4247,TRUE,TRUE,575,D138,4,372,40372,2004\40372.xlsx,11
857,4247,TRUE,TRUE,7,D210,4,546,40546,2004\40546.xlsx,7
857,4247,TRUE,TRUE,7,D210,4,556,40556,2004\40556.xlsx,11
857,1569,TRUE,TRUE,86,E072,4,772,50214,2005\50214.xlsx,7
857,1569,TRUE,TRUE,86,E072,4,826,50268,2005\50268.xlsx,11
857,1569,TRUE,TRUE,145,E131,4,1136,50579,2005\50579.xlsx,7
857,1569,TRUE,TRUE,145,E131,4,1175,50618,2005\50618.xlsx,11
857,1569,TRUE,TRUE,823,F075,4,1661,60090,2006\60090.xlsx,7
857,1569,TRUE,TRUE,823,F075,4,1673,60102,2006\60102.xlsx,11
860,114,TRUE,TRUE,544,D107,4,247,40247,2004\40247.xlsx,7
860,114,TRUE,TRUE,621,D184,4,481,40481,2004\40481.xlsx,7
860,114,TRUE,TRUE,621,D184,4,500,40500,2004\40500.xlsx,11
860,114,TRUE,TRUE,92,E078,4,798,50240,2005\50240.xlsx,7
860,114,TRUE,TRUE,92,E078,4,844,50286,2005\50286.xlsx,11
860,2246,TRUE,TRUE,827,F079,4,1666,60095,2006\60095.xlsx,7
860,2246,TRUE,TRUE,827,F079,4,1676,60105,2006\60105.xlsx,11
860,114,TRUE,TRUE,871,F123,4,1747,60176,2006\60176.xlsx,7
860,114,TRUE,TRUE,871,F123,4,1755,60184,2006\60184.xlsx,11
860,2693,TRUE,TRUE,901,G020,4,1786,70028,2007\70028.xlsx,7
860,2693,TRUE,TRUE,901,G020,4,1794,70036,2007\70036.xlsx,11
860,2693,TRUE,TRUE,937,G056,4,1866,70108,2007\70108.xlsx,7
860,2693,TRUE,TRUE,937,G056,4,1872,70114,2007\70114.xlsx,11
860,2693,TRUE,TRUE,960,G079,4,1917,70159,2007\70159.xlsx,7
860,2693,TRUE,TRUE,960,G079,4,1926,70168,2007\70168.xlsx,11
892,4435,TRUE,TRUE,539,D102,4,231,40231,2004\40231.xlsx,7
892,4435,TRUE,TRUE,539,D102,4,265,40265,2004\40265.xlsx,11
892,4435,TRUE,TRUE,606,D169,4,451,40451,2004\40451.xlsx,7
892,4435,TRUE,TRUE,606,D169,4,471,40471,2004\40471.xlsx,11
892,4435,TRUE,TRUE,67,E053,4,750,50192,2005\50192.xlsx,7
892,4435,TRUE,TRUE,130,E116,4,1076,50519,2005\50519.xlsx,7
892,4435,TRUE,TRUE,130,E116,4,1116,50559,2005\50559.xlsx,11
892,4435,TRUE,TRUE,760,F012,4,1576,60005,2006\60005.xlsx,7
892,4435,TRUE,TRUE,760,F012,4,1588,60017,2006\60017.xlsx,11
892,4435,TRUE,TRUE,800,F052,4,1631,60060,2006\60060.xlsx,7
892,4435,TRUE,TRUE,842,F094,4,1696,60125,2006\60125.xlsx,7
892,4435,TRUE,TRUE,842,F094,4,1703,60132,2006\60132.xlsx,11
903,354,TRUE,TRUE,545,D108,4,250,40250,2004\40250.xlsx,7
903,354,TRUE,TRUE,545,D108,4,281,40281,2004\40281.xlsx,11
903,354,TRUE,TRUE,613,D176,4,456,40456,2004\40456.xlsx,7
903,354,TRUE,TRUE,613,D176,4,472,40472,2004\40472.xlsx,11
903,354,TRUE,TRUE,51,E037,4,708,50150,2005\50150.xlsx,7
903,354,TRUE,TRUE,149,E135,4,1146,50589,2005\50589.xlsx,7
913,818,TRUE,TRUE,580,D143,4,369,40369,2004\40369.xlsx,7
913,818,TRUE,TRUE,580,D143,4,391,40391,2004\40391.xlsx,11
913,818,TRUE,TRUE,153,E139,4,1162,50605,2005\50605.xlsx,7
913,818,TRUE,TRUE,153,E139,4,1202,50645,2005\50645.xlsx,11
917,4463,TRUE,TRUE,40,E026,4,694,50136,2005\50136.xlsx,7
917,4463,TRUE,TRUE,40,E026,4,726,50168,2005\50168.xlsx,11
917,4463,TRUE,TRUE,675,E174,4,1349,50792,2005\50792.xlsx,7
927,466,TRUE,TRUE,495,D058,4,112,40112,2004\40112.xlsx,7
927,1717,TRUE,TRUE,81,E067,4,764,50206,2005\50206.xlsx,7
927,1717,TRUE,TRUE,81,E067,4,812,50254,2005\50254.xlsx,11
927,1717,TRUE,TRUE,653,E152,4,1222,50665,2005\50665.xlsx,7
927,1717,TRUE,TRUE,653,E152,4,1266,50709,2005\50709.xlsx,11
927,494,TRUE,TRUE,815,F067,4,1650,60079,2006\60079.xlsx,7
927,494,TRUE,TRUE,815,F067,4,1669,60098,2006\60098.xlsx,11
927,494,TRUE,TRUE,866,F118,4,1743,60172,2006\60172.xlsx,7
927,494,TRUE,TRUE,866,F118,4,1753,60182,2006\60182.xlsx,11
927,2202,TRUE,TRUE,898,G017,4,1784,70026,2007\70026.xlsx,7
927,2202,TRUE,TRUE,898,G017,4,1791,70033,2007\70033.xlsx,11
927,2202,TRUE,TRUE,989,H010,4,1969,80026,2008\80026.xlsx,7
927,2202,TRUE,TRUE,989,H010,4,1975,80032,2008\80032.xlsx,11
927,2202,TRUE,TRUE,1003,H024,4,1999,80056,2008\80056.xlsx,7
927,2202,TRUE,TRUE,1003,H024,4,2003,80060,2008\80060.xlsx,11
928,513,TRUE,TRUE,535,D098,4,233,40233,2004\40233.xlsx,7
928,513,TRUE,TRUE,535,D098,4,262,40262,2004\40262.xlsx,11
929,46,TRUE,TRUE,486,D049,4,90,40090,2004\40090.xlsx,7
929,46,TRUE,TRUE,553,D116,4,293,40293,2004\40293.xlsx,7
929,46,TRUE,TRUE,553,D116,4,320,40320,2004\40320.xlsx,11
929,500,TRUE,TRUE,136,E122,4,1090,50533,2005\50533.xlsx,7
929,984,TRUE,TRUE,845,F097,4,1701,60130,2006\60130.xlsx,7
929,984,TRUE,TRUE,845,F097,4,1711,60140,2006\60140.xlsx,11
929,2202,TRUE,TRUE,922,G041,4,1832,70074,2007\70074.xlsx,7
929,2202,TRUE,TRUE,922,G041,4,1846,70088,2007\70088.xlsx,11
955,591,TRUE,TRUE,490,D053,4,108,40108,2004\40108.xlsx,7
955,591,TRUE,TRUE,490,D053,4,123,40123,2004\40123.xlsx,11
955,591,TRUE,TRUE,577,D140,4,363,40363,2004\40363.xlsx,7
955,591,TRUE,TRUE,12,D215,4,549,40549,2004\40549.xlsx,7
960,650,TRUE,TRUE,578,D141,4,361,40361,2004\40361.xlsx,7
960,650,TRUE,TRUE,578,D141,4,382,40382,2004\40382.xlsx,11
960,650,TRUE,TRUE,57,E043,4,725,50167,2005\50167.xlsx,7
960,650,TRUE,TRUE,57,E043,4,761,50203,2005\50203.xlsx,11
963,1053,TRUE,TRUE,638,D201,4,541,40541,2004\40541.xlsx,7
963,1053,TRUE,TRUE,638,D201,4,552,40552,2004\40552.xlsx,11
980,971,TRUE,TRUE,550,D113,4,279,40279,2004\40279.xlsx,7
980,971,TRUE,TRUE,550,D113,4,304,40304,2004\40304.xlsx,11
980,4421,TRUE,TRUE,131,E117,4,1075,50518,2005\50518.xlsx,7
980,23,TRUE,TRUE,846,F098,4,1702,60131,2006\60131.xlsx,7
980,23,TRUE,TRUE,846,F098,4,1713,60142,2006\60142.xlsx,11
985,409,TRUE,TRUE,528,D091,4,222,40222,2004\40222.xlsx,7
985,409,TRUE,TRUE,636,D199,4,533,40533,2004\40533.xlsx,7
985,409,TRUE,TRUE,636,D199,4,547,40547,2004\40547.xlsx,11
985,409,TRUE,TRUE,54,E040,4,715,50157,2005\50157.xlsx,7
985,409,TRUE,TRUE,125,E111,4,1051,50493,2005\50493.xlsx,7
985,409,TRUE,TRUE,125,E111,4,1095,50538,2005\50538.xlsx,11
988,145,TRUE,TRUE,477,D040,4,79,40079,2004\40079.xlsx,7
988,145,TRUE,TRUE,477,D040,4,107,40107,2004\40107.xlsx,11
988,145,TRUE,TRUE,6,D209,4,545,40545,2004\40545.xlsx,7
988,145,TRUE,TRUE,6,D209,4,557,40557,2004\40557.xlsx,11
988,145,TRUE,TRUE,56,E042,4,728,50170,2005\50170.xlsx,7
988,145,TRUE,TRUE,56,E042,4,766,50208,2005\50208.xlsx,11
988,145,TRUE,TRUE,668,E167,4,1333,50776,2005\50776.xlsx,7
988,145,TRUE,TRUE,668,E167,4,1373,50816,2005\50816.xlsx,11
988,2970,TRUE,TRUE,837,F089,4,1686,60115,2006\60115.xlsx,7
988,2970,TRUE,TRUE,837,F089,4,1693,60122,2006\60122.xlsx,11
1047,1226,TRUE,TRUE,78,E064,4,758,50200,2005\50200.xlsx,7
1047,1226,TRUE,TRUE,78,E064,4,797,50239,2005\50239.xlsx,11
1047,500,TRUE,TRUE,814,F066,4,1649,60078,2006\60078.xlsx,7
1047,500,TRUE,TRUE,814,F066,4,1668,60097,2006\60097.xlsx,11
1048,902,TRUE,TRUE,456,D019,4,39,40039,2004\40039D.xlsx,7
1048,902,TRUE,TRUE,456,D019,4,72,40072,2004\40072.xlsx,11
1048,591,TRUE,TRUE,98,E084,4,959,50401,2005\50401.xlsx,11
1048,591,TRUE,TRUE,677,E177,4,1379,50822,2005\50822.xlsx,6
1048,591,TRUE,TRUE,677,E177,4,1386,50829,2005\50829.xlsx,7
1054,823,TRUE,TRUE,510,D073,4,141,40141,2004\40141.xlsx,7
1054,823,TRUE,TRUE,510,D073,4,172,40172,2004\40172.xlsx,11
1054,823,TRUE,TRUE,69,E055,4,748,50190,2005\50190.xlsx,7
1054,3052,TRUE,TRUE,807,F059,4,1641,60070,2006\60070.xlsx,7
1054,3052,TRUE,TRUE,807,F059,4,1651,60080,2006\60080.xlsx,11
1062,957,TRUE,TRUE,631,D194,4,525,40525,2004\40525.xlsx,7
1062,957,TRUE,TRUE,631,D194,4,542,40542,2004\40542.xlsx,11
1063,363,TRUE,TRUE,529,D092,4,224,40224,2004\40224.xlsx,7
1063,363,TRUE,TRUE,529,D092,4,256,40256,2004\40256.xlsx,11
1063,363,TRUE,TRUE,529,D092,4,257,40257,2004\40257.xlsx,11
1063,537,TRUE,TRUE,599,D162,4,442,40442,2004\40442.xlsx,7
1063,537,TRUE,TRUE,599,D162,4,462,40462,2004\40462.xlsx,11
1069,115,TRUE,TRUE,536,D099,4,228,40228,2004\40228.xlsx,7
1069,115,TRUE,TRUE,536,D099,4,263,40263,2004\40263.xlsx,11
1069,1935,TRUE,TRUE,76,E062,4,756,50198,2005\50198.xlsx,7
1069,1935,TRUE,TRUE,76,E062,4,803,50245,2005\50245.xlsx,11
1069,1935,TRUE,TRUE,654,E153,4,1236,50679,2005\50679.xlsx,6
1069,1935,TRUE,TRUE,654,E153,4,1246,50689,2005\50689.xlsx,7
1069,1935,TRUE,TRUE,654,E153,4,1282,50725,2005\50725.xlsx,10
1069,1935,TRUE,TRUE,654,E153,4,1293,50736,2005\50736.xlsx,11
1074,4422,TRUE,TRUE,491,D054,4,103,40103,2004\40103.xlsx,7
1074,4422,TRUE,TRUE,491,D054,4,119,40119,2004\40119.xlsx,11
1074,4422,TRUE,TRUE,618,D181,4,478,40478,2004\40478.xlsx,7
1074,4422,TRUE,TRUE,618,D181,4,492,40492,2004\40492.xlsx,11
1083,1095,TRUE,TRUE,639,D202,4,537,40537,2004\40537.xlsx,7
1083,1095,TRUE,TRUE,639,D202,4,551,40551,2004\40551.xlsx,11
1100,831,TRUE,TRUE,472,D035,4,69,40069,2004\40069.xlsx,7
1100,831,TRUE,TRUE,472,D035,4,89,40089,2004\40089.xlsx,11
1100,831,TRUE,TRUE,604,D167,4,447,40447,2004\40447.xlsx,7
1100,831,TRUE,TRUE,604,D167,4,464,40464,2004\40464.xlsx,11
1100,959,TRUE,TRUE,122,E108,4,1046,50488,2005\50488.xlsx,7
1100,959,TRUE,TRUE,122,E108,4,1091,50534,2005\50534.xlsx,11
1100,959,TRUE,TRUE,818,F070,4,1653,60082,2006\60082.xlsx,7
1100,959,TRUE,TRUE,818,F070,4,1670,60099,2006\60099.xlsx,11
1100,959,TRUE,TRUE,859,F111,4,1734,60163,2006\60163.xlsx,7
1100,959,TRUE,TRUE,859,F111,4,1745,60174,2006\60174.xlsx,11
1100,3460,TRUE,TRUE,927,G046,4,1841,70083,2007\70083.xlsx,7
1100,3460,TRUE,TRUE,927,G046,4,1853,70095,2007\70095.xlsx,11
1100,3460,TRUE,TRUE,957,G076,4,1915,70157,2007\70157.xlsx,7
1100,3460,TRUE,TRUE,957,G076,4,1921,70163,2007\70163.xlsx,11
1228,115,TRUE,TRUE,664,E163,4,1299,50742,2005\50742.xlsx,7
1228,115,TRUE,TRUE,664,E163,4,1348,50791,2005\50791.xlsx,11
1318,1210,TRUE,TRUE,72,E058,4,747,50189,2005\50189.xlsx,7
1318,1210,TRUE,TRUE,72,E058,4,780,50222,2005\50222.xlsx,11
1318,1210,TRUE,TRUE,650,E149,4,1211,50654,2005\50654.xlsx,7
1318,1210,TRUE,TRUE,650,E149,4,1256,50699,2005\50699.xlsx,11
1364,504,TRUE,TRUE,133,E119,4,1082,50525,2005\50525.xlsx,6
1364,504,TRUE,TRUE,133,E119,4,1125,50568,2005\50568.xlsx,11
1386,591,TRUE,TRUE,96,E082,4,815,50257,2005\50257.xlsx,7
1446,4423,TRUE,TRUE,70,E056,4,745,50187,2005\50187.xlsx,7
1446,4423,TRUE,TRUE,70,E056,4,782,50224,2005\50224.xlsx,11
1446,4423,TRUE,TRUE,643,E142,4,1183,50626,2005\50626.xlsx,7
1446,4423,TRUE,TRUE,643,E142,4,1221,50664,2005\50664.xlsx,11
1507,1500,TRUE,TRUE,101,E087,4,924,50366,2005\50366.xlsx,7
1507,1500,TRUE,TRUE,101,E087,4,972,50414,2005\50414.xlsx,11
1514,1929,TRUE,TRUE,120,E106,4,1056,50498,2005\50498.xlsx,7
1514,1929,TRUE,TRUE,120,E106,4,1093,50536,2005\50536.xlsx,11
1544,504,TRUE,TRUE,93,E079,4,799,50241,2005\50241.xlsx,7
1544,504,TRUE,TRUE,93,E079,4,845,50287,2005\50287.xlsx,11
1558,902,TRUE,TRUE,109,E095,4,951,50393,2005\50393.xlsx,7
1558,902,TRUE,TRUE,109,E095,4,1004,50446,2005\50446.xlsx,11
1558,902,TRUE,TRUE,680,E180,4,1372,50815,2005\50815.xlsx,7
1589,393,TRUE,TRUE,660,E159,4,1270,50713,2005\50713.xlsx,7
1589,393,TRUE,TRUE,660,E159,4,1313,50756,2005\50756.xlsx,11
1718,1738,TRUE,TRUE,107,E093,4,938,50380,2005\50380.xlsx,7
1718,1738,TRUE,TRUE,107,E093,4,988,50430,2005\50430.xlsx,11
1739,46,TRUE,TRUE,132,E118,4,1072,50515,2005\50515.xlsx,7
1739,46,TRUE,TRUE,132,E118,4,1112,50555,2005\50555.xlsx,11
1827,1353,TRUE,TRUE,83,E069,4,765,50207,2005\50207.xlsx,7
1827,1353,TRUE,TRUE,83,E069,4,811,50253,2005\50253.xlsx,11
1827,2202,TRUE,TRUE,812,F064,4,1648,60077,2006\60077.xlsx,7
1827,2202,TRUE,TRUE,812,F064,4,1667,60096,2006\60096.xlsx,11
1907,504,TRUE,TRUE,138,E124,4,1103,50546,2005\50546.xlsx,7
1907,504,TRUE,TRUE,138,E124,4,1144,50587,2005\50587.xlsx,11
1940,1970,TRUE,TRUE,659,E158,4,1267,50710,2005\50710.xlsx,7
1940,1970,TRUE,TRUE,659,E158,4,1309,50752,2005\50752.xlsx,11
2004,823,TRUE,TRUE,129,E115,4,1077,50520,2005\50520.xlsx,7
2004,823,TRUE,TRUE,129,E115,4,1117,50560,2005\50560.xlsx,11
2004,823,TRUE,TRUE,844,F096,4,1700,60129,2006\60129.xlsx,7
2004,823,TRUE,TRUE,844,F096,4,1708,60137,2006\60137.xlsx,11
2004,417,TRUE,TRUE,923,G042,4,1835,70077,2007\70077.xlsx,7
2004,417,TRUE,TRUE,923,G042,4,1845,70087,2007\70087.xlsx,11
2004,417,TRUE,TRUE,953,G072,4,1909,70151,2007\70151.xlsx,7
2004,417,TRUE,TRUE,953,G072,4,1914,70156,2007\70156.xlsx,11
2007,2012,TRUE,TRUE,108,E094,4,933,50375,2005\50375.xlsx,7
2007,2012,TRUE,TRUE,108,E094,4,989,50431,2005\50431.xlsx,11
2007,2012,TRUE,TRUE,678,E178,4,1383,50826,2005\50826.xlsx,7
2007,2352,TRUE,TRUE,786,F038,4,1599,60028,2006\60028.xlsx,7
2007,2352,TRUE,TRUE,786,F038,4,1605,60034,2006\60034.xlsx,11
2014,1906,TRUE,TRUE,141,E127,4,1127,50570,2005\50570.xlsx,7
2014,1906,TRUE,TRUE,141,E127,4,1165,50608,2005\50608.xlsx,11
2166,1464,TRUE,TRUE,822,F074,4,1662,60091,2006\60091.xlsx,7
2166,1464,TRUE,TRUE,822,F074,4,1672,60101,2006\60101.xlsx,11
2166,3460,TRUE,TRUE,926,G045,4,1854,70096,2007\70096.xlsx,11
2166,3460,TRUE,TRUE,965,G084,4,1923,70165,2007\70165.xlsx,7
2166,3460,TRUE,TRUE,965,G084,4,1935,70177,2007\70177.xlsx,11
2167,2944,TRUE,TRUE,838,F090,4,1695,60124,2006\60124.xlsx,7
2167,2944,TRUE,TRUE,838,F090,4,1698,60127,2006\60127.xlsx,11
2349,1448,TRUE,TRUE,762,F014,4,1585,60014,2006\60014.xlsx,7
2405,1464,TRUE,TRUE,865,F117,4,1742,60171,2006\60171.xlsx,7
2405,1464,TRUE,TRUE,865,F117,4,1752,60181,2006\60181.xlsx,11
2489,2605,TRUE,TRUE,917,G036,4,1823,70065,2007\70065.xlsx,11
2489,2605,TRUE,TRUE,951,G070,4,1896,70138,2007\70138.xlsx,7
2489,2605,TRUE,TRUE,951,G070,4,1906,70148,2007\70148.xlsx,11
2492,2944,TRUE,TRUE,909,G028,4,1798,70040,2007\70040.xlsx,7
2492,2944,TRUE,TRUE,909,G028,4,1803,70045,2007\70045.xlsx,11
2492,2944,TRUE,TRUE,942,G061,4,1877,70119,2007\70119.xlsx,7
2492,2944,TRUE,TRUE,942,G061,4,1882,70124,2007\70124.xlsx,11
2658,2053,TRUE,TRUE,810,F062,4,1645,60074,2006\60074.xlsx,7
2658,2053,TRUE,TRUE,810,F062,4,1657,60086,2006\60086.xlsx,11
2658,2053,TRUE,TRUE,860,F112,4,1736,60165,2006\60165.xlsx,7
2658,2053,TRUE,TRUE,860,F112,4,1748,60177,2006\60177.xlsx,11
2691,23,TRUE,TRUE,802,F054,4,1634,60063,2006\60063.xlsx,7
2691,23,TRUE,TRUE,802,F054,4,1643,60072,2006\60072.xlsx,11
2691,23,TRUE,TRUE,854,F106,4,1729,60158,2006\60158.xlsx,7
2691,23,TRUE,TRUE,854,F106,4,1735,60164,2006\60164.xlsx,11
2725,457,TRUE,TRUE,833,F085,4,1678,60107,2006\60107.xlsx,7
2725,457,TRUE,TRUE,833,F085,4,1685,60114,2006\60114.xlsx,10
2840,46,TRUE,TRUE,843,F095,4,1697,60126,2006\60126.xlsx,7
2840,46,TRUE,TRUE,843,F095,4,1704,60133,2006\60133.xlsx,11
2865,1954,TRUE,TRUE,857,F109,4,1732,60161,2006\60161.xlsx,7
2865,1954,TRUE,TRUE,857,F109,4,1741,60170,2006\60170.xlsx,11
2966,2605,TRUE,TRUE,797,F049,4,1624,60053,2006\60053.xlsx,7
2966,2605,TRUE,TRUE,797,F049,4,1635,60064,2006\60064.xlsx,11
3050,2768,TRUE,TRUE,902,G021,4,1787,70029,2007\70029.xlsx,7
3050,2768,TRUE,TRUE,902,G021,4,1796,70038,2007\70038.xlsx,11
3050,2768,TRUE,TRUE,943,G062,4,1879,70121,2007\70121.xlsx,7
3050,2768,TRUE,TRUE,943,G062,4,1885,70127,2007\70127.xlsx,11
3050,3496,TRUE,TRUE,982,H003,4,1956,80013,2008\80013.xlsx,7
3050,3496,TRUE,TRUE,982,H003,4,1958,80015,2008\80015.xlsx,11
3050,3496,TRUE,TRUE,996,H017,4,1985,80042,2008\80042.xlsx,7
3050,3496,TRUE,TRUE,996,H017,4,1987,80044,2008\80044.xlsx,11
3050,3496,TRUE,TRUE,1006,H027,4,2013,80070,2008\80070.xlsx,7
3302,417,TRUE,TRUE,907,G026,4,1792,70034,2007\70034.xlsx,7
3302,417,TRUE,TRUE,907,G026,4,1799,70041,2007\70041.xlsx,11
3302,417,TRUE,TRUE,936,G055,4,1862,70104,2007\70104.xlsx,7
3302,3359,TRUE,TRUE,980,H001,4,1948,80005,2008\80005.xlsx,7
3302,3359,TRUE,TRUE,980,H001,4,1954,80011,2008\80011.xlsx,11
3302,2651,TRUE,TRUE,992,H013,4,1977,80034,2008\80034.xlsx,7
3302,2651,TRUE,TRUE,992,H013,4,1981,80038,2008\80038.xlsx,11
3302,3359,TRUE,TRUE,1005,H026,4,2012,80069,2008\80069.xlsx,7
3302,3359,TRUE,TRUE,1005,H026,4,2015,80072,2008\80072.xlsx,11
3302,3359,TRUE,TRUE,1132,J001,4,2509,VJ0168,2010\VJ0168.xlsx,11
3302,3359,TRUE,TRUE,1187,J056,4,2442,VJ0103,2010\VJ0103.xlsx,6
3302,3359,TRUE,TRUE,1187,J056,4,2452,VJ0112,2010\VJ0112.xlsx,10
3302,3359,TRUE,TRUE,1250,K050,4,2626,VK0119,2011\VK0119.xlsx,6
3302,3359,TRUE,TRUE,1250,K050,4,2641,VK0134,2011\VK0134.xlsx,10
3302,3359,TRUE,TRUE,1306,K104,4,2779,VK0269,2011\VK0269.xlsx,6
3302,3359,TRUE,TRUE,1306,K104,4,2806,VK0296,2011\VK0296.xlsx,10
3340,4304,TRUE,TRUE,912,G031,4,1805,70047,2007\70047.xlsx,7
3340,4304,TRUE,TRUE,912,G031,4,1813,70055,2007\70055.xlsx,11
3340,4304,TRUE,TRUE,949,G068,4,1889,70131,2007\70131.xlsx,7
3340,4304,TRUE,TRUE,949,G068,4,1894,70136,2007\70136.xlsx,11
3341,3496,TRUE,TRUE,969,G088,4,1927,70169,2007\70169.xlsx,7
3341,3496,TRUE,TRUE,969,G088,4,1936,70178,2007\70178.xlsx,11
3350,3430,TRUE,TRUE,918,G037,4,1815,70057,2007\70057.xlsx,7
3350,3430,TRUE,TRUE,918,G037,4,1824,70066,2007\70066.xlsx,11
3350,3430,TRUE,TRUE,952,G071,4,1898,70140,2007\70140.xlsx,7
3350,3430,TRUE,TRUE,952,G071,4,1907,70149,2007\70149.xlsx,11
3395,2173,TRUE,TRUE,897,G016,4,1783,70025,2007\70025.xlsx,7
3395,2173,TRUE,TRUE,897,G016,4,1789,70031,2007\70031.xlsx,11
3395,2173,TRUE,TRUE,935,G054,4,1861,70103,2007\70103.xlsx,7
3395,2173,TRUE,TRUE,935,G054,4,1871,70113,2007\70113.xlsx,11
3395,2173,TRUE,TRUE,963,G082,4,1920,70162,2007\70162.xlsx,7
3395,2173,TRUE,TRUE,963,G082,4,1931,70173,2007\70173.xlsx,11
3395,4072,TRUE,TRUE,1174,J043,4,2412,VJ0070,2010\VJ0070.xlsx,7
3395,3496,TRUE,TRUE,1184,J053,4,2469,VJ0128,2010\VJ0128.xlsx,10
3395,4072,TRUE,TRUE,1198,J067,4,2500,VJ0158,2010\VJ0158.xlsx,6
3395,4072,TRUE,TRUE,1198,J067,4,2501,VJ0159,2010\VJ0159.xlsx,10
3404,1697,TRUE,TRUE,934,G053,4,1855,70097,2007\70097.xlsx,7
3404,1697,TRUE,TRUE,934,G053,4,1869,70111,2007\70111.xlsx,11
3404,1697,TRUE,TRUE,970,G089,4,1928,70170,2007\70170.xlsx,7
3404,1697,TRUE,TRUE,970,G089,4,1937,70179,2007\70179.xlsx,11
3427,2453,TRUE,TRUE,925,G044,4,1836,70078,2007\70078.xlsx,7
3427,2453,TRUE,TRUE,925,G044,4,1847,70089,2007\70089.xlsx,11
3427,2453,TRUE,TRUE,962,G081,4,1919,70161,2007\70161.xlsx,7
3427,2453,TRUE,TRUE,962,G081,4,1929,70171,2007\70171.xlsx,11
3429,3359,TRUE,TRUE,933,G052,4,1852,70094,2007\70094.xlsx,7
3429,3359,TRUE,TRUE,933,G052,4,1865,70107,2007\70107.xlsx,11
3475,3450,TRUE,TRUE,932,G051,4,1851,70093,2007\70093.xlsx,7
3475,3450,TRUE,TRUE,932,G051,4,1864,70106,2007\70106.xlsx,11
3475,3450,TRUE,TRUE,964,G083,4,1924,70166,2007\70166.xlsx,7
3475,3450,TRUE,TRUE,964,G083,4,1933,70175,2007\70175.xlsx,11
3507,3442,TRUE,TRUE,921,G040,4,1830,70072,2007\70072.xlsx,7
3507,3442,TRUE,TRUE,921,G040,4,1843,70085,2007\70085.xlsx,11
3507,3442,TRUE,TRUE,961,G080,4,1918,70160,2007\70160.xlsx,7
3507,3442,TRUE,TRUE,961,G080,4,1925,70167,2007\70167.xlsx,11
3516,2453,TRUE,TRUE,938,G057,4,1868,70110,2007\70110.xlsx,7
3516,2453,TRUE,TRUE,938,G057,4,1876,70118,2007\70118.xlsx,11
3536,2542,TRUE,TRUE,914,G033,4,1809,70051,2007\70051.xlsx,7
3536,2542,TRUE,TRUE,914,G033,4,1819,70061,2007\70061.xlsx,11
3536,2542,TRUE,TRUE,948,G067,4,1886,70128,2007\70128.xlsx,7
3536,2542,TRUE,TRUE,948,G067,4,1892,70134,2007\70134.xlsx,11
3555,3370,TRUE,TRUE,955,G074,4,1911,70153,2007\70153.xlsx,7
3555,3370,TRUE,TRUE,955,G074,4,1916,70158,2007\70158.xlsx,11
3648,3766,TRUE,TRUE,988,H009,4,1966,80023,2008\80023.xlsx,7
3648,3450,TRUE,TRUE,998,H019,4,1994,80051,2008\80051.xlsx,7
3648,3450,TRUE,TRUE,998,H019,4,1998,80055,2008\80055.xlsx,11
3760,2605,TRUE,TRUE,991,H012,4,1976,80033,2008\80033.xlsx,11
3760,2605,TRUE,TRUE,1001,H022,4,1995,80052,2008\80052.xlsx,7
3760,2605,TRUE,TRUE,1001,H022,4,2000,80057,2008\80057.xlsx,11
4037,4753,TRUE,TRUE,1157,J026,4,2388,VJ0044,2010\VJ0044.xlsx,11
4037,4753,TRUE,TRUE,1181,J050,4,2446,VJ0107,2010\VJ0107.xlsx,6
4037,4753,TRUE,TRUE,1181,J050,4,2456,VJ0116,2010\VJ0116.xlsx,10
4049,4039,TRUE,TRUE,1156,J025,4,2389,VJ0045,2010\VJ0045.xlsx,11
4049,4722,TRUE,TRUE,1182,J051,4,2449,VJ0109,2010\VJ0109.xlsx,6
4049,4722,TRUE,TRUE,1182,J051,4,2459,VJ0118,2010\VJ0118.xlsx,10
4049,4753,TRUE,TRUE,1217,K017,4,2526,VK0025,2011\VK0025.xlsx,6
4049,4753,TRUE,TRUE,1217,K017,4,2569,VK0062,2011\VK0062.xlsx,10
4049,4753,TRUE,TRUE,1273,K073,4,2707,VK0197,2011\VK0197.xlsx,6
4049,4753,TRUE,TRUE,1273,K073,4,2732,VK0222,2011\VK0222.xlsx,10
4049,4753,TRUE,TRUE,1328,K126,4,2867,VK0357,2011\VK0357.xlsx,6
4049,4753,TRUE,TRUE,1328,K126,4,2894,VK0385,2011\VK0385.xlsx,10
4059,3450,TRUE,TRUE,1163,J031,4,2391,VJ0047,2010\VJ0047.xlsx,7
4059,3450,TRUE,TRUE,1163,J031,4,2398,VJ0055,2010\VJ0055.xlsx,10
4059,3450,TRUE,TRUE,1179,J048,4,2450,VJ0110,2010\VJ0110.xlsx,6
4059,3450,TRUE,TRUE,1179,J048,4,2457,VJ0165,2010\VJ0165.xlsx,10
4059,3450,TRUE,TRUE,1195,J064,4,2504,VJ0162,2010\VJ0162.xlsx,6
4059,3450,TRUE,TRUE,1195,J064,4,2505,VJ0163,2010\VJ0163.xlsx,10
4059,4768,TRUE,TRUE,1372,L015,4,3011,VL0080,2012\VL0080.xlsx,6
4059,4768,TRUE,TRUE,1372,L015,4,3033,VL0108,2012\VL0108.xlsx,10
4059,4768,TRUE,TRUE,1414,L057,4,3184,VL0231,2012\VL0231.xlsx,6
4059,4768,TRUE,TRUE,1414,L057,4,3197,VL0250,2012\VL0250.xlsx,10
4059,4768,TRUE,TRUE,1438,L081,4,3288,VL0352,2012\VL0352.xlsx,6
4059,4768,TRUE,TRUE,1531,M073,4,3628,VM0302,2013\VM0302.xlsx,6
4059,4768,TRUE,TRUE,1531,M073,4,3665,VM0339,2013\VM0339.xlsx,10
4059,4768,TRUE,TRUE,1610,M152,4,3890,VM0553,2013\VM0553.xlsx,6
4059,4768,TRUE,TRUE,1610,M152,4,3934,VM0595,2013\VM0595.xlsx,10
4059,4768,TRUE,TRUE,1657,N019,4,4013,VN0028,2014\VN0028.xlsx,6
4059,4768,TRUE,TRUE,1657,N019,4,4034,VN0055,2014\VN0055.xlsx,10
4059,4768,TRUE,TRUE,1798,N160,4,4564,VN0603,2014\VN0603.xlsx,6
4059,4768,TRUE,TRUE,1798,N160,4,4599,VN0640,2014\VN0640.xlsx,10
4059,4768,TRUE,TRUE,1875,N237,4,4795,VN0835,2014\VN0835.xlsx,6
4062,3717,TRUE,TRUE,1165,J033,4,2394,VJ0050,2010\VJ0050.xlsx,6
4062,3717,TRUE,TRUE,1165,J033,4,2403,VJ0060,2010\VJ0060.xlsx,10
4062,3717,TRUE,TRUE,1188,J057,4,2465,VJ0124,2010\VJ0124.xlsx,6
4062,3717,TRUE,TRUE,1188,J057,4,2473,VJ0132,2010\VJ0132.xlsx,10
4062,3717,TRUE,TRUE,1188,J057,4,2476,VJ0135,2010\VJ0135.xlsx,11
4062,4895,TRUE,TRUE,1212,K012,4,2520,VK0017,2011\VK0017.xlsx,6
4062,4895,TRUE,TRUE,1212,K012,4,2535,VK0039,2011\VK0039.xlsx,10
4078,4071,TRUE,TRUE,1146,J015,4,2356,VJ0014,2010\VJ0014.xlsx,11
4078,4071,TRUE,TRUE,1189,J058,4,2481,VJ0140,2010\VJ0140.xlsx,10
4084,4757,TRUE,TRUE,1177,J046,4,2441,VJ0102,2010\VJ0102.xlsx,6
4084,4757,TRUE,TRUE,1177,J046,4,2453,VJ0113,2010\VJ0113.xlsx,10
4084,4757,TRUE,TRUE,1203,K003,4,2512,VK0003,2011\VK0003.xlsx,6
4084,4757,TRUE,TRUE,1203,K003,4,2523,VK0021,2011\VK0021.xlsx,10
4084,4757,TRUE,TRUE,1261,K061,4,2679,VK0171,2011\VK0171.xlsx,6
4084,4757,TRUE,TRUE,1261,K061,4,2690,VK0181,2011\VK0181.xlsx,10
4084,4757,TRUE,TRUE,1320,K118,4,2848,VK0338,2011\VK0338.xlsx,6
4084,4757,TRUE,TRUE,1320,K118,4,2863,VK0353,2011\VK0353.xlsx,10
4084,4900,TRUE,TRUE,1360,L003,4,2985,VL0047,2012\VL0047.xlsx,6
4084,4900,TRUE,TRUE,1360,L003,4,2990,VL0055,2012\VL0055.xlsx,10
4084,4900,TRUE,TRUE,1393,L036,4,3097,VL0164,2012\VL0164.xlsx,6
4084,4900,TRUE,TRUE,1393,L036,4,3113,VL0186,2012\VL0186.xlsx,10
4084,4900,TRUE,TRUE,1433,L076,4,3245,VL0310,2012\VL0310.xlsx,6
4110,3370,TRUE,TRUE,1142,J011,4,2510,VJ0169,2010\VJ0169.xlsx,7
4110,3370,TRUE,TRUE,1154,J023,4,2384,VJ0040,2010\VJ0040.xlsx,10
4110,3370,TRUE,TRUE,1193,J062,4,2490,VJ0149,2010\VJ0149.xlsx,6
4110,3370,TRUE,TRUE,1193,J062,4,2495,VJ0154,2010\VJ0154.xlsx,10
4110,4722,TRUE,TRUE,1230,K031,4,2538,VK0042,2011\VK0042.xlsx,6
4110,4722,TRUE,TRUE,1230,K031,4,2589,VK0082,2011\VK0082.xlsx,10
4110,4722,TRUE,TRUE,1271,K071,4,2708,VK0198,2011\VK0198.xlsx,6
4110,4722,TRUE,TRUE,1271,K071,4,2731,VK0221,2011\VK0221.xlsx,10
4110,4722,TRUE,TRUE,1334,K132,4,2879,VK0369,2011\VK0369.xlsx,6
4110,4722,TRUE,TRUE,1334,K132,4,2899,VK0388,2011\VK0388.xlsx,10
4273,4153,TRUE,TRUE,452,D015,4,19,40019,2004\40019.xlsx,7
4273,4153,TRUE,TRUE,516,D079,4,177,40177,2004\40177.xlsx,7
4273,4153,TRUE,TRUE,516,D079,4,208,40208,2004\40208.xlsx,11
4273,4153,TRUE,TRUE,634,D197,4,528,40528,2004\40528.xlsx,7
4273,4153,TRUE,TRUE,634,D197,4,543,40543,2004\40543.xlsx,11
4273,4153,TRUE,TRUE,58,E044,4,722,50164,2005\50164.xlsx,7
4273,4153,TRUE,TRUE,58,E044,4,760,50202,2005\50202.xlsx,11
4273,4153,TRUE,TRUE,152,E138,4,1164,50607,2005\50607.xlsx,7
4273,4153,TRUE,TRUE,152,E138,4,1201,50644,2005\50644.xlsx,11
4290,4275,TRUE,TRUE,513,D076,4,146,40146,2004\40146.xlsx,7
4290,4275,TRUE,TRUE,513,D076,4,173,40173,2004\40173.xlsx,11
4290,4275,TRUE,TRUE,585,D148,4,383,40383,2004\40383.xlsx,7
4290,4275,TRUE,TRUE,585,D148,4,403,40403,2004\40403.xlsx,11
4290,4275,TRUE,TRUE,47,E033,4,705,50147,2005\50147.xlsx,7
4290,4275,TRUE,TRUE,47,E033,4,736,50178,2005\50178.xlsx,11
4290,4275,TRUE,TRUE,148,E134,4,1147,50590,2005\50590.xlsx,7
4290,4275,TRUE,TRUE,148,E134,4,1186,50629,2005\50629.xlsx,11
4376,383,TRUE,TRUE,517,D080,4,188,40188,2004\40188.xlsx,7
4376,383,TRUE,TRUE,517,D080,4,221,40221,2004\40221.xlsx,11
4380,1210,TRUE,TRUE,799,F051,4,1627,60056,2006\60056.xlsx,7
4380,1210,TRUE,TRUE,799,F051,4,1639,60068,2006\60068.xlsx,11
4380,4378,TRUE,TRUE,847,F099,4,1718,60147,2006\60147.xlsx,11
4380,3285,TRUE,TRUE,884,G003,4,1760,70002,2007\70002.xlsx,7
4380,3285,TRUE,TRUE,884,G003,4,1767,70009,2007\70009.xlsx,11
4380,3285,TRUE,TRUE,920,G039,4,1829,70071,2007\70071.xlsx,7
4380,3285,TRUE,TRUE,920,G039,4,1839,70081,2007\70081.xlsx,11
4380,3285,TRUE,TRUE,981,H002,4,1946,80003,2008\80003.xlsx,7
4380,3285,TRUE,TRUE,981,H002,4,1953,80010,2008\80010.xlsx,11
4380,3285,TRUE,TRUE,993,H014,4,1980,80037,2008\80037.xlsx,7
4380,3285,TRUE,TRUE,993,H014,4,1983,80040,2008\80040.xlsx,11
4380,3285,TRUE,TRUE,1002,H023,4,2002,80059,2008\80059.xlsx,7
4380,3684,TRUE,TRUE,1180,J049,4,2444,VJ0105,2010\VJ0105.xlsx,6
4380,3684,TRUE,TRUE,1180,J049,4,2455,VJ0115,2010\VJ0115.xlsx,10
4382,1095,TRUE,TRUE,557,D120,4,311,40311,2004\40311.xlsx,7
4382,1095,TRUE,TRUE,557,D120,4,334,40334,2004\40334.xlsx,11
4391,4265,TRUE,TRUE,66,E052,4,738,50180,2005\50180.xlsx,7
4391,4265,TRUE,TRUE,146,E132,4,1137,50580,2005\50580.xlsx,7
4391,4265,TRUE,TRUE,146,E132,4,1177,50620,2005\50620.xlsx,11
4424,590,TRUE,TRUE,565,D128,4,325,40325,2004\40325.xlsx,7
4424,590,TRUE,TRUE,565,D128,4,345,40345,2004\40345.xlsx,11
4424,590,TRUE,TRUE,635,D198,4,534,40534,2004\40534.xlsx,7
4424,590,TRUE,TRUE,635,D198,4,548,40548,2004\40548.xlsx,11
4424,537,TRUE,TRUE,115,E101,4,1003,50445,2005\50445.xlsx,7
4424,537,TRUE,TRUE,115,E101,4,1048,50490,2005\50490.xlsx,11
4425,962,TRUE,TRUE,112,E098,4,985,50427,2005\50427.xlsx,7
4425,962,TRUE,TRUE,112,E098,4,1036,50478,2005\50478.xlsx,11
4425,962,TRUE,TRUE,671,E170,4,1356,50799,2005\50799.xlsx,7
4425,962,TRUE,TRUE,792,F044,4,1617,60046,2006\60046.xlsx,11
4425,1697,TRUE,TRUE,919,G038,4,1822,70064,2007\70064.xlsx,7
4425,1697,TRUE,TRUE,919,G038,4,1834,70076,2007\70076.xlsx,11
4497,4265,TRUE,TRUE,548,D111,4,278,40278,2004\40278.xlsx,7
4497,4265,TRUE,TRUE,548,D111,4,306,40306,2004\40306.xlsx,11
4501,4417,TRUE,TRUE,562,D125,4,321,40321,2004\40321.xlsx,7
4576,4682,TRUE,TRUE,1364,L007,4,2995,VL0061,2012\VL0061.xlsx,6
4576,4682,TRUE,TRUE,1364,L007,4,3019,VL0083,2012\VL0083.xlsx,10
4576,4682,TRUE,TRUE,1409,L052,4,3143,VL0214,2012\VL0214.xlsx,6
4576,4682,TRUE,TRUE,1409,L052,4,3185,VL0233,2012\VL0233.xlsx,10
4576,4682,TRUE,TRUE,1460,M002,4,3355,VM0031,2013\VM0031.xlsx,6
4576,4682,TRUE,TRUE,1460,M002,4,3362,VM0038,2013\VM0038.xlsx,10
4576,4682,TRUE,TRUE,1515,M057,4,3565,VM0231,2013\VM0231.xlsx,6
4576,4682,TRUE,TRUE,1515,M057,4,3601,VM0272,2013\VM0272.xlsx,10
4576,4682,TRUE,TRUE,1583,M125,4,3824,VM0494,2013\VM0494.xlsx,6
4576,4682,TRUE,TRUE,1583,M125,4,3861,VM0526,2013\VM0526.xlsx,10
4576,4682,TRUE,TRUE,1651,N013,4,4045,VN0068,2014\VN0068.xlsx,6
4576,4682,TRUE,TRUE,1651,N013,4,4089,VN0102,2014\VN0102.xlsx,10
4576,4682,TRUE,TRUE,1740,N102,4,4353,VN0392,2014\VN0392.xlsx,6
4576,4682,TRUE,TRUE,1740,N102,4,4393,VN0432,2014\VN0432.xlsx,10
4576,4682,TRUE,TRUE,1823,N185,4,4689,VN0728,2014\VN0728.xlsx,6
4576,4682,TRUE,TRUE,1823,N185,4,4720,VN0759,2014\VN0759.xlsx,10
4585,4735,TRUE,TRUE,1204,K004,4,2515,VK0007,2011\VK0007.xlsx,6
4585,4735,TRUE,TRUE,1204,K004,4,2527,VK0026,2011\VK0026.xlsx,10
4585,4735,TRUE,TRUE,1270,K070,4,2705,VK0195,2011\VK0195.xlsx,6
4585,4735,TRUE,TRUE,1270,K070,4,2734,VK0224,2011\VK0224.xlsx,10
4619,4664,TRUE,TRUE,1151,J020,4,2363,VJ0021,2010\VJ0021.xlsx,11
4619,4664,TRUE,TRUE,1173,J042,4,2410,VJ0068,2010\VJ0068.xlsx,6
4619,4664,TRUE,TRUE,1173,J042,4,2420,VJ0079,2010\VJ0079.xlsx,10
4619,4664,TRUE,TRUE,1192,J061,4,2485,VJ0144,2010\VJ0144.xlsx,6
4619,4664,TRUE,TRUE,1192,J061,4,2494,VJ0153,2010\VJ0153.xlsx,10
4619,4664,TRUE,TRUE,1211,K011,4,2516,VK0010,2011\VK0010.xlsx,6
4619,4664,TRUE,TRUE,1211,K011,4,2531,VK0031,2011\VK0031.xlsx,10
4619,5024,TRUE,TRUE,1283,K083,4,2713,VK0203,2011\VK0203.xlsx,6
4619,5024,TRUE,TRUE,1283,K083,4,2738,VK0228,2011\VK0228.xlsx,10
4663,5871,TRUE,TRUE,1367,L010,4,3000,VL0068,2012\VL0068.xlsx,6
4663,5871,TRUE,TRUE,1367,L010,4,3027,VL0099,2012\VL0099.xlsx,10
4663,5871,TRUE,TRUE,1441,L084,4,3276,VL0340,2012\VL0340.xlsx,6
4663,5871,TRUE,TRUE,1441,L084,4,3291,VL0355,2012\VL0355.xlsx,10
4663,5424,TRUE,TRUE,1497,M039,4,3501,VM0153,2013\VM0153.xlsx,6
4663,5424,TRUE,TRUE,1497,M039,4,3532,VM0190,2013\VM0190.xlsx,10
4663,5424,TRUE,TRUE,1571,M113,4,3751,VM0423,2013\VM0423.xlsx,6
4663,5424,TRUE,TRUE,1571,M113,4,3772,VM0450,2013\VM0450.xlsx,10
4663,5424,TRUE,TRUE,1670,N032,4,4137,VN0156,2014\VN0156.xlsx,6
4663,5424,TRUE,TRUE,1670,N032,4,4178,VN0191,2014\VN0191.xlsx,10
4663,5424,TRUE,TRUE,1762,N124,4,4430,VN0469,2014\VN0469.xlsx,6
4663,5424,TRUE,TRUE,1762,N124,4,4471,VN0510,2014\VN0510.xlsx,10
4663,5424,TRUE,TRUE,1842,N204,4,4729,VN0768,2014\VN0768.xlsx,6
4663,5424,TRUE,TRUE,1842,N204,4,4756,VN0797,2014\VN0797.xlsx,10
4679,4745,TRUE,TRUE,1196,J065,4,2489,VJ0148,2010\VJ0148.xlsx,10
4689,3445,TRUE,TRUE,1191,J060,4,2484,VJ0143,2010\VJ0143.xlsx,6
4689,3445,TRUE,TRUE,1191,J060,4,2492,VJ0151,2010\VJ0151.xlsx,10
4721,4039,TRUE,TRUE,1197,J066,4,2491,VJ0150,2010\VJ0150.xlsx,6
4721,4039,TRUE,TRUE,1197,J066,4,2499,VJ0157,2010\VJ0157.xlsx,10
4723,4119,TRUE,TRUE,1164,J032,4,2392,VJ0048,2010\VJ0048.xlsx,6
4723,4119,TRUE,TRUE,1164,J032,4,2401,VJ0058,2010\VJ0058.xlsx,10
4723,4119,TRUE,TRUE,1194,J063,4,2467,VJ0126,2010\VJ0126.xlsx,7
4723,4119,TRUE,TRUE,1194,J063,4,2475,VJ0134,2010\VJ0134.xlsx,11
4723,3684,TRUE,TRUE,1254,K054,4,2638,VK0131,2011\VK0131.xlsx,6
4723,3684,TRUE,TRUE,1254,K054,4,2658,VK0150,2011\VK0150.xlsx,10
4723,3684,TRUE,TRUE,1311,K109,4,2811,VK0302,2011\VK0302.xlsx,6
4723,3684,TRUE,TRUE,1311,K109,4,2829,VK0319,2011\VK0319.xlsx,10
4723,5437,TRUE,TRUE,1375,L018,4,3026,VL0095,2012\VL0095.xlsx,6
4723,5437,TRUE,TRUE,1375,L018,4,3036,VL0111,2012\VL0111.xlsx,10
4723,5669,TRUE,TRUE,1413,L056,4,3151,VL0225,2012\VL0225.xlsx,6
4723,5669,TRUE,TRUE,1413,L056,4,3192,VL0245,2012\VL0245.xlsx,10
4723,5669,TRUE,TRUE,1449,L092,4,3311,VL0375,2012\VL0375.xlsx,6
4723,5669,TRUE,TRUE,1449,L092,4,3323,VL0386,2012\VL0386.xlsx,10
4723,4991,TRUE,TRUE,1482,M024,4,3456,VM0060,2013\VM0060.xlsx,6
4723,4991,TRUE,TRUE,1482,M024,4,3467,VM0088,2013\VM0088.xlsx,10
4723,4991,TRUE,TRUE,1536,M078,4,3627,VM0285,2013\VM0285.xlsx,6
4723,4991,TRUE,TRUE,1536,M078,4,3663,VM0337,2013\VM0337.xlsx,10
4723,4991,TRUE,TRUE,1598,M140,4,3922,VM0583,2013\VM0583.xlsx,10
4723,6461,TRUE,TRUE,1685,N047,4,4159,VN0173,2014\VN0173.xlsx,6
4723,6461,TRUE,TRUE,1685,N047,4,4200,VN0213,2014\VN0213.xlsx,10
4723,6461,TRUE,TRUE,1780,N142,4,4495,VN0533,2014\VN0533.xlsx,6
4723,6461,TRUE,TRUE,1780,N142,4,4532,VN0573,2014\VN0573.xlsx,10
4723,6461,TRUE,TRUE,1859,N221,4,4778,VN0818,2014\VN0818.xlsx,6
4723,6461,TRUE,TRUE,1859,N221,4,4786,VN0826,2014\VN0826.xlsx,10
4723,6461,TRUE,TRUE,1887,O008,4,4842,VO0038,2015\VO0038.xlsx,6
4739,4070,TRUE,TRUE,1166,J034,4,2393,VJ0049,2010\VJ0049.xlsx,6
4739,4070,TRUE,TRUE,1166,J034,4,2402,VJ0059,2010\VJ0059.xlsx,10
4739,4070,TRUE,TRUE,1185,J054,4,2461,VJ0120,2010\VJ0120.xlsx,6
4739,4070,TRUE,TRUE,1185,J054,4,2470,VJ0129,2010\VJ0129.xlsx,10
4739,4686,TRUE,TRUE,1215,K015,4,2530,VK0029,2011\VK0029.xlsx,6
4739,4686,TRUE,TRUE,1215,K015,4,2563,VK0056,2011\VK0056.xlsx,10
4739,4686,TRUE,TRUE,1284,K084,4,2722,VK0212,2011\VK0212.xlsx,6
4739,4686,TRUE,TRUE,1284,K084,4,2749,VK0239,2011\VK0239.xlsx,10
4739,4991,TRUE,TRUE,1371,L014,4,3010,VL0079,2012\VL0079.xlsx,6
4739,4991,TRUE,TRUE,1371,L014,4,3032,VL0107,2012\VL0107.xlsx,10
4739,5468,TRUE,TRUE,1476,M018,4,3449,VM0043,2013\VM0043.xlsx,6
4739,5468,TRUE,TRUE,1476,M018,4,3463,VM0081,2013\VM0081.xlsx,10
4739,5468,TRUE,TRUE,1561,M103,4,3693,VM0367,2013\VM0367.xlsx,6
4739,5466,TRUE,TRUE,1666,N028,4,4113,VN0126,2014\VN0126.xlsx,6
4739,5466,TRUE,TRUE,1666,N028,4,4143,VN0150,2014\VN0150.xlsx,10
4739,5466,TRUE,TRUE,1766,N128,4,4464,VN0503,2014\VN0503.xlsx,6
4739,5466,TRUE,TRUE,1766,N128,4,4507,VN0545,2014\VN0545.xlsx,10
4744,4682,TRUE,TRUE,1172,J041,4,2408,VJ0066,2010\VJ0066.xlsx,6
4744,4682,TRUE,TRUE,1172,J041,4,2415,VJ0073,2010\VJ0073.xlsx,10
4744,4682,TRUE,TRUE,1190,J059,4,2480,VJ0139,2010\VJ0139.xlsx,6
4744,4682,TRUE,TRUE,1190,J059,4,2482,VJ0141,2010\VJ0141.xlsx,6
4754,4573,TRUE,TRUE,1152,J021,4,2362,VJ0020,2010\VJ0020.xlsx,6
4754,4573,TRUE,TRUE,1175,J044,4,2425,VJ0084,2010\VJ0084.xlsx,6
4754,4573,TRUE,TRUE,1175,J044,4,2424,VJ0083,2010\VJ0083.xlsx,10
4759,3764,TRUE,TRUE,1159,J028,4,2383,VJ0039,2010\VJ0039.xlsx,11
4759,3764,TRUE,TRUE,1176,J045,4,2448,VJ0170,2010\VJ0170.xlsx,10
4759,3764,TRUE,TRUE,1214,K014,4,2521,VK0019,2011\VK0019.xlsx,6
4759,3764,TRUE,TRUE,1214,K014,4,2559,VK0052,2011\VK0052.xlsx,10
4759,3764,TRUE,TRUE,1268,K068,4,2701,VK0191,2011\VK0191.xlsx,6
4759,3764,TRUE,TRUE,1268,K068,4,2727,VK0219,2011\VK0219.xlsx,10
4759,3764,TRUE,TRUE,1333,K131,4,2883,VK0373,2011\VK0373.xlsx,6
4760,4109,TRUE,TRUE,1133,J002,4,2507,VJ0166,2010\VJ0166.xlsx,7
4760,4109,TRUE,TRUE,1133,J002,4,2508,VJ0167,2010\VJ0167.xlsx,11
4760,4109,TRUE,TRUE,1167,J035,4,2396,VJ0052,2010\VJ0052.xlsx,11
4830,4070,TRUE,TRUE,1241,K042,4,2543,VK0048,2011\VK0048.xlsx,6
4830,4070,TRUE,TRUE,1293,K093,4,2760,VK0251,2011\VK0251.xlsx,6
4830,4070,TRUE,TRUE,1293,K093,4,2768,VK0258,2011\VK0258.xlsx,10
4854,4907,TRUE,TRUE,1260,K060,4,2681,VK0173,2011\VK0173.xlsx,6
4854,4907,TRUE,TRUE,1314,K112,4,2818,VK0308,2011\VK0308.xlsx,6
4854,4907,TRUE,TRUE,1314,K112,4,2833,VK0323,2011\VK0323.xlsx,10
4854,4929,TRUE,TRUE,1593,M135,4,3877,VM0540,2013\VM0540.xlsx,6
4854,4929,TRUE,TRUE,1714,N076,4,4281,VN0313,2014\VN0313.xlsx,10
4854,4929,TRUE,TRUE,1793,N155,4,4546,VN0587,2014\VN0587.xlsx,6
4854,4929,TRUE,TRUE,1793,N155,4,4574,VN0613,2014\VN0613.xlsx,10
4854,4929,TRUE,TRUE,1865,N227,4,5139,VN0837,2014\VN0837.xlsx,10
4858,4765,TRUE,TRUE,1267,K067,4,2699,VK0189,2011\VK0189.xlsx,6
4858,4765,TRUE,TRUE,1267,K067,4,2723,VK0214,2011\VK0214.xlsx,10
4858,4745,TRUE,TRUE,1548,M090,4,3662,VM0336,2013\VM0336.xlsx,6
4858,4745,TRUE,TRUE,1602,M144,4,3889,VM0552,2013\VM0552.xlsx,6
4858,4745,TRUE,TRUE,1602,M144,4,3931,VM0593,2013\VM0593.xlsx,10
4862,4847,TRUE,TRUE,1257,K057,4,2647,VK0139,2011\VK0139.xlsx,6
4862,4847,TRUE,TRUE,1257,K057,4,2670,VK0162,2011\VK0162.xlsx,10
4862,4847,TRUE,TRUE,1316,K114,4,2834,VK0324,2011\VK0324.xlsx,6
4862,4847,TRUE,TRUE,1316,K114,4,2849,VK0339,2011\VK0339.xlsx,10
4862,5031,TRUE,TRUE,1363,L006,4,2988,VL0052,2012\VL0052.xlsx,6
4862,5031,TRUE,TRUE,1363,L006,4,2996,VL0063,2012\VL0063.xlsx,10
4863,4852,TRUE,TRUE,1265,K065,4,2696,VK0185,2011\VK0185.xlsx,6
4863,4852,TRUE,TRUE,1265,K065,4,2718,VK0208,2011\VK0208.xlsx,10
4864,5623,TRUE,TRUE,1244,K044,4,2608,VK0103,2011\VK0103.xlsx,6
4864,5623,TRUE,TRUE,1244,K044,4,2612,VK0105,2011\VK0105.xlsx,10
4867,5050,TRUE,TRUE,1345,K143,4,2915,VK0407,2011\VK0407.xlsx,6
4867,5050,TRUE,TRUE,1345,K143,4,2926,VK0419,2011\VK0419.xlsx,10
4872,4996,TRUE,TRUE,1226,K027,4,2540,VK0045,2011\VK0045.xlsx,6
4872,4996,TRUE,TRUE,1226,K027,4,2593,VK0086,2011\VK0086.xlsx,10
4872,4996,TRUE,TRUE,1281,K081,4,2717,VK0207,2011\VK0207.xlsx,6
4872,4996,TRUE,TRUE,1281,K081,4,2745,VK0235,2011\VK0235.xlsx,10
4872,5675,TRUE,TRUE,1374,L017,4,3025,VL0094,2012\VL0094.xlsx,6
4872,5675,TRUE,TRUE,1374,L017,4,3035,VL0110,2012\VL0110.xlsx,10
4872,5675,TRUE,TRUE,1412,L055,4,3150,VL0224,2012\VL0224.xlsx,6
4872,5675,TRUE,TRUE,1412,L055,4,3195,VL0248,2012\VL0248.xlsx,10
4872,5675,TRUE,TRUE,1450,L093,4,3317,VL0381,2012\VL0381.xlsx,6
4872,5675,TRUE,TRUE,1481,M023,4,3458,VM0071,2013\VM0071.xlsx,6
4872,5675,TRUE,TRUE,1545,M087,4,3606,VM0278,2013\VM0278.xlsx,6
4872,5675,TRUE,TRUE,1545,M087,4,3648,VM0322,2013\VM0322.xlsx,10
4872,5675,TRUE,TRUE,1678,N040,4,4144,VN0151,2014\VN0151.xlsx,6
4872,5675,TRUE,TRUE,1678,N040,4,4173,VN0186,2014\VN0186.xlsx,10
4872,5675,TRUE,TRUE,1753,N115,4,4418,VN0457,2014\VN0457.xlsx,6
4872,5675,TRUE,TRUE,1753,N115,4,4454,VN0493,2014\VN0493.xlsx,10
4872,5675,TRUE,TRUE,1838,N200,4,4742,VN0781,2014\VN0781.xlsx,6
4872,5675,TRUE,TRUE,1838,N200,4,4764,VN0805,2014\VN0805.xlsx,10
4873,4960,TRUE,TRUE,1235,K036,4,2574,VK0067,2011\VK0067.xlsx,6
4873,4960,TRUE,TRUE,1235,K036,4,2600,VK0093,2011\VK0093.xlsx,10
4873,4960,TRUE,TRUE,1276,K076,4,2709,VK0199,2011\VK0199.xlsx,6
4873,4960,TRUE,TRUE,1276,K076,4,2735,VK0225,2011\VK0225.xlsx,10
4873,4960,TRUE,TRUE,1323,K121,4,2857,VK0347,2011\VK0347.xlsx,6
4873,4960,TRUE,TRUE,1323,K121,4,2889,VK0379,2011\VK0379.xlsx,10
4873,5393,TRUE,TRUE,1396,L039,4,3100,VL0167,2012\VL0167.xlsx,6
4873,5393,TRUE,TRUE,1396,L039,4,3112,VL0185,2012\VL0185.xlsx,10
4873,5393,TRUE,TRUE,1429,L072,4,3232,VL0297,2012\VL0297.xlsx,6
4873,5393,TRUE,TRUE,1429,L072,4,3255,VL0319,2012\VL0319.xlsx,10
4873,4960,TRUE,TRUE,1654,N016,4,4046,VN0069,2014\VN0069.xlsx,6
4873,4960,TRUE,TRUE,1654,N016,4,4090,VN0103,2014\VN0103.xlsx,10
4873,4960,TRUE,TRUE,1742,N104,4,4344,VN0383,2014\VN0383.xlsx,6
4873,4960,TRUE,TRUE,1742,N104,4,4385,VN0424,2014\VN0424.xlsx,10
4898,5048,TRUE,TRUE,1404,L047,4,3136,VL0203,2012\VL0203.xlsx,6
4898,5048,TRUE,TRUE,1404,L047,4,3146,VL0218,2012\VL0218.xlsx,10
4898,5048,TRUE,TRUE,1439,L082,4,3287,VL0351,2012\VL0351.xlsx,6
4898,5048,TRUE,TRUE,1439,L082,4,3310,VL0374,2012\VL0374.xlsx,10
4905,4109,TRUE,TRUE,1221,K021,4,2539,VK0044,2011\VK0044.xlsx,6
4905,4109,TRUE,TRUE,1221,K021,4,2588,VK0081,2011\VK0081.xlsx,10
4905,4109,TRUE,TRUE,1330,K128,4,2869,VK0360,2011\VK0360.xlsx,6
4905,4109,TRUE,TRUE,1330,K128,4,2897,VK0390,2011\VK0390.xlsx,10
4909,5644,TRUE,TRUE,1305,K103,4,2781,VK0271,2011\VK0271.xlsx,6
4909,5644,TRUE,TRUE,1305,K103,4,2809,VK0299,2011\VK0299.xlsx,10
4927,4906,TRUE,TRUE,1224,K024,4,2534,VK0038,2011\VK0038.xlsx,6
4927,4906,TRUE,TRUE,1224,K024,4,2583,VK0076,2011\VK0076.xlsx,10
4933,5202,TRUE,TRUE,1373,L016,4,3006,VL0073,2012\VL0073.xlsx,6
4933,5202,TRUE,TRUE,1373,L016,4,3030,VL0105,2012\VL0105.xlsx,10
4933,5202,TRUE,TRUE,1419,L062,4,3148,VL0221,2012\VL0221.xlsx,6
4933,5202,TRUE,TRUE,1419,L062,4,3190,VL0243,2012\VL0243.xlsx,10
4933,5202,TRUE,TRUE,1456,L099,4,3325,VL0389,2012\VL0389.xlsx,6
4933,5202,TRUE,TRUE,1475,M017,4,3446,VM0046,2013\VM0046.xlsx,6
4933,5202,TRUE,TRUE,1475,M017,4,3461,VM0079,2013\VM0079.xlsx,10
4933,5202,TRUE,TRUE,1557,M099,4,3683,VM0357,2013\VM0357.xlsx,6
4933,5202,TRUE,TRUE,1557,M099,4,3709,VM0382,2013\VM0382.xlsx,10
4933,5202,TRUE,TRUE,1661,N023,4,4096,VN0109,2014\VN0109.xlsx,6
4933,5202,TRUE,TRUE,1661,N023,4,4129,VN0141,2014\VN0141.xlsx,10
4942,3496,TRUE,TRUE,1280,K080,4,2714,VK0204,2011\VK0204.xlsx,6
4942,3496,TRUE,TRUE,1280,K080,4,2739,VK0229,2011\VK0229.xlsx,10
4944,4072,TRUE,TRUE,1303,K101,4,2774,VK0264,2011\VK0264.xlsx,6
4944,4072,TRUE,TRUE,1303,K101,4,2792,VK0282,2011\VK0282.xlsx,10
4944,4722,TRUE,TRUE,1405,L048,4,3135,VL0202,2012\VL0202.xlsx,6
4944,4722,TRUE,TRUE,1405,L048,4,3153,VL0216,2012\VL0216.xlsx,10
4944,4722,TRUE,TRUE,1445,L088,4,3292,VL0356,2012\VL0356.xlsx,6
4944,4722,TRUE,TRUE,1445,L088,4,3313,VL0377,2012\VL0377.xlsx,10
4944,4722,TRUE,TRUE,1562,M104,4,3705,VM0379,2013\VM0379.xlsx,6
4944,4722,TRUE,TRUE,1562,M104,4,3725,VM0398,2013\VM0398.xlsx,10
4944,4722,TRUE,TRUE,1627,M169,4,3968,VM0629,2013\VM0629.xlsx,6
4944,4722,TRUE,TRUE,1627,M169,4,3974,VM0635,2013\VM0635.xlsx,10
4947,4914,TRUE,TRUE,1232,K033,4,2570,VK0063,2011\VK0063.xlsx,6
4947,4914,TRUE,TRUE,1232,K033,4,2599,VK0092,2011\VK0092.xlsx,10
4947,4914,TRUE,TRUE,1285,K085,4,2726,VK0218,2011\VK0218.xlsx,6
4947,4914,TRUE,TRUE,1338,K136,4,2907,VK0399,2011\VK0399.xlsx,6
4947,4914,TRUE,TRUE,1338,K136,4,2913,VK0405,2011\VK0405.xlsx,10
4961,4686,TRUE,TRUE,1336,K134,4,2895,VK0382,2011\VK0382.xlsx,6
4961,4686,TRUE,TRUE,1336,K134,4,2905,VK0397,2011\VK0397.xlsx,10
4961,4960,TRUE,TRUE,1369,L012,4,3003,VL0070,2012\VL0070.xlsx,6
4961,4960,TRUE,TRUE,1369,L012,4,3029,VL0101,2012\VL0101.xlsx,10
4961,4960,TRUE,TRUE,1431,L074,4,3243,VL0308,2012\VL0308.xlsx,6
4961,4960,TRUE,TRUE,1431,L074,4,3266,VL0330,2012\VL0330.xlsx,10
4961,4960,TRUE,TRUE,1464,M006,4,3358,VM0033,2013\VM0033.xlsx,6
4961,4960,TRUE,TRUE,1518,M060,4,3575,VM0245,2013\VM0245.xlsx,6
4961,4960,TRUE,TRUE,1518,M060,4,3612,VM0284,2013\VM0284.xlsx,10
4961,4960,TRUE,TRUE,1582,M124,4,3821,VM0491,2013\VM0491.xlsx,6
4961,4960,TRUE,TRUE,1582,M124,4,3856,VM0521,2013\VM0521.xlsx,10
4961,7267,TRUE,TRUE,1754,N116,4,4427,VN0466,2014\VN0466.xlsx,6
4961,7267,TRUE,TRUE,1754,N116,4,4466,VN0505,2014\VN0505.xlsx,10
4961,7267,TRUE,TRUE,1835,N197,4,4715,VN0754,2014\VN0754.xlsx,6
4961,7267,TRUE,TRUE,1835,N197,4,4743,VN0782,2014\VN0782.xlsx,10
4963,4868,TRUE,TRUE,1317,K115,4,2835,VK0325,2011\VK0325.xlsx,6
4963,4868,TRUE,TRUE,1317,K115,4,2850,VK0340,2011\VK0340.xlsx,10
4963,5468,TRUE,TRUE,1365,L008,4,2993,VL0059,2012\VL0059.xlsx,6
4963,5468,TRUE,TRUE,1365,L008,4,3009,VL0078,2012\VL0078.xlsx,10
4963,5449,TRUE,TRUE,1398,L041,4,3110,VL0182,2012\VL0182.xlsx,6
4963,5449,TRUE,TRUE,1398,L041,4,3129,VL0196,2012\VL0196.xlsx,10
4963,5449,TRUE,TRUE,1434,L077,4,3248,VL0312,2012\VL0312.xlsx,6
4963,5449,TRUE,TRUE,1434,L077,4,3269,VL0333,2012\VL0333.xlsx,10
4963,6386,TRUE,TRUE,1579,M121,4,3787,VM0461,2013\VM0461.xlsx,6
4965,4812,TRUE,TRUE,1313,K111,4,2793,VK0283,2011\VK0283.xlsx,6
4965,4812,TRUE,TRUE,1313,K111,4,2819,VK0309,2011\VK0309.xlsx,10
4965,5314,TRUE,TRUE,1423,L066,4,3179,VL0263,2012\VL0263.xlsx,6
4965,5314,TRUE,TRUE,1423,L066,4,3204,VL0269,2012\VL0269.xlsx,10
4965,5314,TRUE,TRUE,1486,M028,4,3478,VM0118,2013\VM0118.xlsx,6
4965,5314,TRUE,TRUE,1486,M028,4,3499,VM0150,2013\VM0150.xlsx,10
4965,5314,TRUE,TRUE,1570,M112,4,3740,VM0413,2013\VM0413.xlsx,6
4965,5314,TRUE,TRUE,1570,M112,4,3758,VM0430,2013\VM0430.xlsx,10
4965,6503,TRUE,TRUE,1684,N046,4,4168,VN0181,2014\VN0181.xlsx,6
4965,6503,TRUE,TRUE,1774,N136,4,4479,VN0518,2014\VN0518.xlsx,6
4965,6503,TRUE,TRUE,1774,N136,4,4520,VN0561,2014\VN0561.xlsx,10
4967,4649,TRUE,TRUE,1216,K016,4,2529,VK0028,2011\VK0028.xlsx,6
4967,4768,TRUE,TRUE,1277,K077,4,2711,VK0201,2011\VK0201.xlsx,6
4967,4768,TRUE,TRUE,1277,K077,4,2736,VK0226,2011\VK0226.xlsx,10
4967,4768,TRUE,TRUE,1327,K125,4,2861,VK0351,2011\VK0351.xlsx,6
4967,4768,TRUE,TRUE,1327,K125,4,2891,VK0381,2011\VK0381.xlsx,10
4967,4768,TRUE,TRUE,1376,L019,4,3021,VL0087,2012\VL0087.xlsx,6
4967,4768,TRUE,TRUE,1376,L019,4,3037,VL0112,2012\VL0112.xlsx,10
4967,5517,TRUE,TRUE,1420,L063,4,3193,VL0246,2012\VL0246.xlsx,6
4967,5517,TRUE,TRUE,1420,L063,4,3173,VL0257,2012\VL0257.xlsx,10
4967,5461,TRUE,TRUE,1501,M043,4,3531,VM0189,2013\VM0189.xlsx,6
4967,5461,TRUE,TRUE,1501,M043,4,3558,VM0222,2013\VM0222.xlsx,10
4967,5461,TRUE,TRUE,1581,M123,4,3800,VM0455,2013\VM0455.xlsx,6
4967,5461,TRUE,TRUE,1581,M123,4,3839,VM0506,2013\VM0506.xlsx,10
4967,5461,TRUE,TRUE,1697,N059,4,4220,VN0235,2014\VN0235.xlsx,6
4967,5461,TRUE,TRUE,1790,N152,4,4533,VN0574,2014\VN0574.xlsx,6
4967,5461,TRUE,TRUE,1790,N152,4,4562,VN0601,2014\VN0601.xlsx,10
4968,4998,TRUE,TRUE,1295,K029,4,2541,VK0046,2011\VK0046.xlsx,6
4968,4998,TRUE,TRUE,1295,K029,4,2595,VK0088,2011\VK0088.xlsx,10
4968,4998,TRUE,TRUE,1275,K075,4,2712,VK0202,2011\VK0202.xlsx,6
4968,4998,TRUE,TRUE,1335,K133,4,2884,VK0374,2011\VK0374.xlsx,6
4968,4998,TRUE,TRUE,1335,K133,4,2901,VK0393,2011\VK0393.xlsx,10
4972,4673,TRUE,TRUE,1220,K020,4,2537,VK0041,2011\VK0041.xlsx,6
4972,4673,TRUE,TRUE,1220,K020,4,2586,VK0079,2011\VK0079.xlsx,10
4972,4673,TRUE,TRUE,1274,K074,4,2710,VK0200,2011\VK0200.xlsx,6
4972,4673,TRUE,TRUE,1274,K074,4,2729,VK0217,2011\VK0217.xlsx,10
4972,4673,TRUE,TRUE,1324,K122,4,2862,VK0352,2011\VK0352.xlsx,6
4974,5062,TRUE,TRUE,1246,K046,4,2617,VK0110,2011\VK0110.xlsx,6
4974,5062,TRUE,TRUE,1246,K046,4,2625,VK0118,2011\VK0118.xlsx,10
4974,4060,TRUE,TRUE,1302,K100,4,2773,VK0263,2011\VK0263.xlsx,6
4974,4060,TRUE,TRUE,1302,K100,4,2790,VK0280,2011\VK0280.xlsx,10
4975,4991,TRUE,TRUE,1370,L013,4,3004,VL0071,2012\VL0071.xlsx,6
4975,4991,TRUE,TRUE,1397,L040,4,3102,VL0169,2012\VL0169.xlsx,6
4975,4895,TRUE,TRUE,1451,L094,4,3274,VL0338,2012\VL0338.xlsx,6
4975,4895,TRUE,TRUE,1451,L094,4,3289,VL0353,2012\VL0353.xlsx,10
4975,5461,TRUE,TRUE,1478,M020,4,3443,VM0042,2013\VM0042.xlsx,6
4975,6489,TRUE,TRUE,1580,M122,4,3788,VM0462,2013\VM0462.xlsx,6
4975,6489,TRUE,TRUE,1580,M122,4,3828,VM0498,2013\VM0498.xlsx,10
4975,7267,TRUE,TRUE,1682,N044,4,4185,VN0198,2014\VN0198.xlsx,6
4975,7267,TRUE,TRUE,1682,N044,4,4224,VN0241,2014\VN0241.xlsx,10
4975,7267,TRUE,TRUE,1786,N148,4,4508,VN0546,2014\VN0546.xlsx,6
4975,7267,TRUE,TRUE,1786,N148,4,4541,VN0582,2014\VN0582.xlsx,10
4975,7267,TRUE,TRUE,1874,N236,4,4793,VN0833,2014\VN0833.xlsx,6
4975,7267,TRUE,TRUE,1874,N236,4,5140,VN0839,2014\VN0839.xlsx,10
4976,5096,TRUE,TRUE,1382,L025,4,2994,VL0060,2012\VL0060.xlsx,7
4976,5096,TRUE,TRUE,1382,L025,4,3008,VL0077,2012\VL0077.xlsx,10
4976,5139,TRUE,TRUE,1500,M042,4,3509,VM0163,2013\VM0163.xlsx,6
4976,5139,TRUE,TRUE,1500,M042,4,3539,VM0197,2013\VM0197.xlsx,10
4976,5139,TRUE,TRUE,1810,N172,4,4628,VN0668,2014\VN0668.xlsx,6
4976,5139,TRUE,TRUE,1810,N172,4,4665,VN0702,2014\VN0702.xlsx,10
4982,4885,TRUE,TRUE,1213,K013,4,2524,VK0022,2011\VK0022.xlsx,6
4982,4885,TRUE,TRUE,1213,K013,4,2558,VK0051,2011\VK0051.xlsx,10
4982,4885,TRUE,TRUE,1272,K072,4,2706,VK0196,2011\VK0196.xlsx,6
4982,4885,TRUE,TRUE,1272,K072,4,2733,VK0223,2011\VK0223.xlsx,10
4982,4737,TRUE,TRUE,1332,K130,4,2881,VK0371,2011\VK0371.xlsx,6
4989,4900,TRUE,TRUE,1243,K026,4,2602,VK0097,2011\VK0097.xlsx,6
4989,4900,TRUE,TRUE,1243,K026,4,2613,VK0106,2011\VK0106.xlsx,10
4989,4900,TRUE,TRUE,1312,K110,4,2795,VK0285,2011\VK0285.xlsx,6
4989,4900,TRUE,TRUE,1312,K110,4,2820,VK0310,2011\VK0310.xlsx,10
5005,4060,TRUE,TRUE,1344,K142,4,2914,VK0406,2011\VK0406.xlsx,6
5005,4060,TRUE,TRUE,1344,K142,4,2924,VK0416,2011\VK0416.xlsx,10
5014,5489,TRUE,TRUE,1358,L001,4,2940,VL0008,2012\VL0008.xlsx,6
5014,5489,TRUE,TRUE,1358,L001,4,2950,VL0017,2012\VL0017.xlsx,10
5014,5489,TRUE,TRUE,1383,L026,4,3039,VL0114,2012\VL0114.xlsx,6
5014,5489,TRUE,TRUE,1417,L060,4,3183,VL0230,2012\VL0230.xlsx,6
5014,5489,TRUE,TRUE,1417,L060,4,3196,VL0249,2012\VL0249.xlsx,10
5014,5489,TRUE,TRUE,1447,L090,4,3304,VL0368,2012\VL0368.xlsx,6
5014,5489,TRUE,TRUE,1447,L090,4,3320,VL0384,2012\VL0384.xlsx,10
5014,5489,TRUE,TRUE,1563,M105,4,3714,VM0387,2013\VM0387.xlsx,6
5014,5489,TRUE,TRUE,1563,M105,4,3730,VM0403,2013\VM0403.xlsx,10
5014,5489,TRUE,TRUE,1623,M165,4,3949,VM0610,2013\VM0610.xlsx,6
5014,5489,TRUE,TRUE,1623,M165,4,3967,VM0628,2013\VM0628.xlsx,10
5014,4895,TRUE,TRUE,1781,N143,4,4496,VN0534,2014\VN0534.xlsx,6
5014,4895,TRUE,TRUE,1781,N143,4,4534,VN0575,2014\VN0575.xlsx,10
5014,4895,TRUE,TRUE,1855,N217,4,4759,VN0800,2014\VN0800.xlsx,6
5014,4895,TRUE,TRUE,1855,N217,4,4780,VN0820,2014\VN0820.xlsx,10
5017,4706,TRUE,TRUE,1218,K018,4,2532,VK0034,2011\VK0034.xlsx,6
5017,4706,TRUE,TRUE,1218,K018,4,2576,VK0069,2011\VK0069.xlsx,10
5017,4706,TRUE,TRUE,1282,K082,4,2720,VK0210,2011\VK0210.xlsx,6
5017,4706,TRUE,TRUE,1282,K082,4,2748,VK0238,2011\VK0238.xlsx,10
5025,5044,TRUE,TRUE,1321,K119,4,2852,VK0342,2011\VK0342.xlsx,6
5025,5044,TRUE,TRUE,1321,K119,4,2868,VK0359,2011\VK0359.xlsx,10
5025,4705,TRUE,TRUE,1362,L005,4,2991,VL0056,2012\VL0056.xlsx,6
5025,4705,TRUE,TRUE,1362,L005,4,3007,VL0074,2012\VL0074.xlsx,10
5025,4705,TRUE,TRUE,1415,L058,4,3132,VL0199,2012\VL0199.xlsx,6
5025,4705,TRUE,TRUE,1415,L058,4,3142,VL0213,2012\VL0213.xlsx,10
5025,4705,TRUE,TRUE,1442,L085,4,3293,VL0357,2012\VL0357.xlsx,6
5025,4705,TRUE,TRUE,1442,L085,4,3314,VL0378,2012\VL0378.xlsx,10
5030,4768,TRUE,TRUE,1227,K028,4,2542,VK0047,2011\VK0047.xlsx,6
5030,4768,TRUE,TRUE,1227,K028,4,2594,VK0087,2011\VK0087.xlsx,10
5046,5047,TRUE,TRUE,1242,K043,4,2580,VK0073,2011\VK0073.xlsx,6
5046,5047,TRUE,TRUE,1291,K091,4,2750,VK0240,2011\VK0240.xlsx,6
5046,5047,TRUE,TRUE,1291,K091,4,2766,VK0257,2011\VK0257.xlsx,10
5058,4717,TRUE,TRUE,1279,K079,4,2716,VK0206,2011\VK0206.xlsx,6
5058,4717,TRUE,TRUE,1279,K079,4,2744,VK0234,2011\VK0234.xlsx,10
5063,4758,TRUE,TRUE,1340,K138,4,2909,VK0401,2011\VK0401.xlsx,6
5067,4868,TRUE,TRUE,1251,K051,4,2627,VK0120,2011\VK0120.xlsx,6
5067,4868,TRUE,TRUE,1251,K051,4,2642,VK0135,2011\VK0135.xlsx,10
5067,5623,TRUE,TRUE,1366,L009,4,2997,VL0064,2012\VL0064.xlsx,6
5067,5623,TRUE,TRUE,1366,L009,4,3023,VL0090,2012\VL0090.xlsx,10
5067,5623,TRUE,TRUE,1410,L053,4,3145,VL0217,2012\VL0217.xlsx,6
5067,5623,TRUE,TRUE,1410,L053,4,3188,VL0239,2012\VL0239.xlsx,10
5067,5623,TRUE,TRUE,1446,L089,4,3301,VL0365,2012\VL0365.xlsx,6
5067,5031,TRUE,TRUE,1503,M045,4,3534,VM0192,2013\VM0192.xlsx,6
5067,5031,TRUE,TRUE,1503,M045,4,3561,VM0224,2013\VM0224.xlsx,10
5093,4682,TRUE,TRUE,1384,L027,4,3049,VL0125,2012\VL0125.xlsx,6
5093,4682,TRUE,TRUE,1384,L027,4,3067,VL0135,2012\VL0135.xlsx,10
5093,4682,TRUE,TRUE,1443,L086,4,3295,VL0359,2012\VL0359.xlsx,6
5093,4682,TRUE,TRUE,1443,L086,4,3315,VL0379,2012\VL0379.xlsx,10
5093,4682,TRUE,TRUE,1468,M010,4,3356,VM0028,2013\VM0028.xlsx,6
5093,4682,TRUE,TRUE,1468,M010,4,3448,VM0051,2013\VM0051.xlsx,10
5093,4682,TRUE,TRUE,1537,M079,4,3631,VM0305,2013\VM0305.xlsx,6
5093,4682,TRUE,TRUE,1537,M079,4,3667,VM0341,2013\VM0341.xlsx,10
5093,4682,TRUE,TRUE,1605,M147,4,3909,VM0570,2013\VM0570.xlsx,6
5093,4682,TRUE,TRUE,1605,M147,4,3946,VM0607,2013\VM0607.xlsx,10
5134,5107,TRUE,TRUE,1395,L038,4,3099,VL0166,2012\VL0166.xlsx,6
5134,5107,TRUE,TRUE,1395,L038,4,3124,VL0190,2012\VL0190.xlsx,10
5134,5107,TRUE,TRUE,1436,L079,4,3278,VL0342,2012\VL0342.xlsx,6
5134,5107,TRUE,TRUE,1436,L079,4,3303,VL0367,2012\VL0367.xlsx,11
5140,5593,TRUE,TRUE,1377,L020,4,3012,VL0081,2012\VL0081.xlsx,6
5140,5593,TRUE,TRUE,1377,L020,4,3034,VL0109,2012\VL0109.xlsx,10
5140,4895,TRUE,TRUE,1407,L050,4,3138,VL0205,2012\VL0205.xlsx,6
5140,4895,TRUE,TRUE,1407,L050,4,3147,VL0220,2012\VL0220.xlsx,10
5140,4895,TRUE,TRUE,1448,L091,4,3318,VL0382,2012\VL0382.xlsx,6
5140,4895,TRUE,TRUE,1466,M008,4,3359,VM0034,2013\VM0034.xlsx,6
5140,4895,TRUE,TRUE,1466,M008,4,3451,VM0053,2013\VM0053.xlsx,10
5140,4895,TRUE,TRUE,1530,M072,4,3613,VM0286,2013\VM0286.xlsx,6
5140,4895,TRUE,TRUE,1530,M072,4,3653,VM0327,2013\VM0327.xlsx,10
5140,4895,TRUE,TRUE,1603,M145,4,3896,VM0558,2013\VM0558.xlsx,6
5140,4895,TRUE,TRUE,1603,M145,4,3933,VM0594,2013\VM0594.xlsx,10
5140,4895,TRUE,TRUE,1672,N034,4,4156,VN0170,2014\VN0170.xlsx,6
5140,4895,TRUE,TRUE,1672,N034,4,4186,VN0199,2014\VN0199.xlsx,10
5140,4895,TRUE,TRUE,1755,N117,4,4435,VN0474,2014\VN0474.xlsx,6
5140,4895,TRUE,TRUE,1755,N117,4,4474,VN0513,2014\VN0513.xlsx,10
5140,4895,TRUE,TRUE,1839,N201,4,4727,VN0766,2014\VN0766.xlsx,6
5140,4895,TRUE,TRUE,1839,N201,4,4753,VN0793,2014\VN0793.xlsx,10
5214,4757,TRUE,TRUE,1394,L037,4,3098,VL0165,2012\VL0165.xlsx,6
5214,4757,TRUE,TRUE,1394,L037,4,3121,VL0187,2012\VL0187.xlsx,10
5214,4757,TRUE,TRUE,1432,L075,4,3247,VL0311,2012\VL0311.xlsx,6
5214,4757,TRUE,TRUE,1432,L075,4,3268,VL0332,2012\VL0332.xlsx,10
5214,4757,TRUE,TRUE,1534,M076,4,3617,VM0290,2013\VM0290.xlsx,6
5214,4757,TRUE,TRUE,1534,M076,4,3656,VM0330,2013\VM0330.xlsx,10
5214,4757,TRUE,TRUE,1601,M143,4,3887,VM0550,2013\VM0550.xlsx,6
5214,4757,TRUE,TRUE,1601,M143,4,3927,VM0588,2013\VM0588.xlsx,10
5214,4757,TRUE,TRUE,1820,N182,4,4663,VN0700,2014\VN0700.xlsx,6
5214,4757,TRUE,TRUE,1820,N182,4,4687,VN0726,2014\VN0726.xlsx,10
5284,3764,TRUE,TRUE,1368,L011,4,2998,VL0065,2012\VL0065.xlsx,6
5284,3764,TRUE,TRUE,1368,L011,4,3024,VL0091,2012\VL0091.xlsx,10
5284,3764,TRUE,TRUE,1408,L051,4,3141,VL0212,2012\VL0212.xlsx,6
5284,3764,TRUE,TRUE,1408,L051,4,3182,VL0229,2012\VL0229.xlsx,10
5284,3764,TRUE,TRUE,1440,L083,4,3284,VL0348,2012\VL0348.xlsx,6
5284,3764,TRUE,TRUE,1440,L083,4,3307,VL0371,2012\VL0371.xlsx,10
5284,3764,TRUE,TRUE,1463,M005,4,3364,VM0041,2013\VM0041.xlsx,6
5284,3764,TRUE,TRUE,1463,M005,4,3459,VM0061,2013\VM0061.xlsx,10
5284,3764,TRUE,TRUE,1552,M094,4,3671,VM0345,2013\VM0345.xlsx,6
5284,3764,TRUE,TRUE,1552,M094,4,3692,VM0366,2013\VM0366.xlsx,10
5284,3764,TRUE,TRUE,1613,M155,4,3929,VM0591,2013\VM0591.xlsx,6
5284,3764,TRUE,TRUE,1613,M155,4,3956,VM0617,2013\VM0617.xlsx,10
5284,3764,TRUE,TRUE,1663,N025,4,4054,VN0074,2014\VN0074.xlsx,10
5284,3764,TRUE,TRUE,1737,N099,4,4341,VN0380,2014\VN0380.xlsx,6
5284,3764,TRUE,TRUE,1737,N099,4,4381,VN0420,2014\VN0420.xlsx,10
5284,3764,TRUE,TRUE,1819,N181,4,4655,VN0693,2014\VN0693.xlsx,6
5284,3764,TRUE,TRUE,1819,N181,4,4684,VN0722,2014\VN0722.xlsx,10
5294,4943,TRUE,TRUE,1359,L002,4,2975,VL0042,2012\VL0042.xlsx,6
5294,4943,TRUE,TRUE,1359,L002,4,2989,VL0054,2012\VL0054.xlsx,10
5294,4943,TRUE,TRUE,1389,L032,4,3106,VL0173,2012\VL0173.xlsx,6
5294,4943,TRUE,TRUE,1389,L032,4,3125,VL0192,2012\VL0192.xlsx,10
5294,4943,TRUE,TRUE,1435,L078,4,3257,VL0321,2012\VL0321.xlsx,6
5294,4943,TRUE,TRUE,1435,L078,4,3277,VL0341,2012\VL0341.xlsx,10
5294,4943,TRUE,TRUE,1490,M032,4,3483,VM0128,2013\VM0128.xlsx,6
5294,4943,TRUE,TRUE,1490,M032,4,3516,VM0173,2013\VM0173.xlsx,10
5294,4943,TRUE,TRUE,1626,M168,4,3963,VM0624,2013\VM0624.xlsx,6
5294,4943,TRUE,TRUE,1626,M168,4,3971,VM0632,2013\VM0632.xlsx,10
5294,4943,TRUE,TRUE,1645,N007,4,3989,VN0012,2014\VN0012.xlsx,6
5294,4943,TRUE,TRUE,1645,N007,4,4005,VN0024,2014\VN0024.xlsx,10
5294,4943,TRUE,TRUE,1727,N089,4,4292,VN0327,2014\VN0327.xlsx,6
5294,4943,TRUE,TRUE,1727,N089,4,4315,VN0354,2014\VN0354.xlsx,10
5294,6969,TRUE,TRUE,1806,N168,4,4589,VN0630,2014\VN0630.xlsx,6
5294,6969,TRUE,TRUE,1806,N168,4,4625,VN0665,2014\VN0665.xlsx,10
5294,7266,TRUE,TRUE,1876,N238,4,5141,VN0840,2014\VN0840.xlsx,6
5407,5517,TRUE,TRUE,1388,L030,4,3073,VL0139,2012\VL0139.xlsx,10
5407,4991,TRUE,TRUE,1430,L073,4,3235,VL0300,2012\VL0300.xlsx,6
5407,4991,TRUE,TRUE,1430,L073,4,3259,VL0323,2012\VL0323.xlsx,10
5407,6461,TRUE,TRUE,1596,M138,4,3883,VM0546,2013\VM0546.xlsx,6
5407,6461,TRUE,TRUE,1596,M138,4,3921,VM0582,2013\VM0582.xlsx,10
5407,7154,TRUE,TRUE,1821,N183,4,4676,VN0714,2014\VN0714.xlsx,6
5407,7154,TRUE,TRUE,1821,N183,4,4695,VN0734,2014\VN0734.xlsx,10
5407,5675,TRUE,TRUE,1888,O009,4,4823,VO0020,2015\VO0020.xlsx,6
5410,5466,TRUE,TRUE,1406,L049,4,3134,VL0201,2012\VL0201.xlsx,6
5410,5466,TRUE,TRUE,1406,L049,4,3144,VL0215,2012\VL0215.xlsx,10
5410,5466,TRUE,TRUE,1437,L080,4,3279,VL0343,2012\VL0343.xlsx,6
5410,5466,TRUE,TRUE,1437,L080,4,3297,VL0361,2012\VL0361.xlsx,10
5410,5466,TRUE,TRUE,1477,M019,4,3455,VM0059,2013\VM0059.xlsx,6
5410,5466,TRUE,TRUE,1477,M019,4,3466,VM0087,2013\VM0087.xlsx,10
5410,5466,TRUE,TRUE,1560,M102,4,3690,VM0364,2013\VM0364.xlsx,6
5410,5466,TRUE,TRUE,1560,M102,4,3715,VM0388,2013\VM0388.xlsx,10
5589,5616,TRUE,TRUE,1387,L031,4,3065,VL0133,2012\VL0133.xlsx,6
5589,5616,TRUE,TRUE,1387,L031,4,3082,VL0149,2012\VL0149.xlsx,10
5589,5616,TRUE,TRUE,1428,L071,4,3214,VL0280,2012\VL0280.xlsx,6
5589,5616,TRUE,TRUE,1428,L071,4,3231,VL0296,2012\VL0296.xlsx,10
5589,5616,TRUE,TRUE,1474,M016,4,3445,VM0045,2013\VM0045.xlsx,6
5589,5616,TRUE,TRUE,1513,M055,4,3573,VM0241,2013\VM0241.xlsx,6
5589,5616,TRUE,TRUE,1513,M055,4,3604,VM0276,2013\VM0276.xlsx,10
5589,5616,TRUE,TRUE,1589,M131,4,3864,VM0529,2013\VM0529.xlsx,6
5589,5616,TRUE,TRUE,1589,M131,4,3891,VM0554,2013\VM0554.xlsx,10
5589,5616,TRUE,TRUE,1702,N064,4,4236,VN0254,2014\VN0254.xlsx,6
5589,5616,TRUE,TRUE,1702,N064,4,4255,VN0288,2014\VN0288.xlsx,10
5589,5616,TRUE,TRUE,1792,N154,4,4548,VN0589,2014\VN0589.xlsx,6
5589,5616,TRUE,TRUE,1792,N154,4,4581,VN0620,2014\VN0620.xlsx,10
5589,6923,TRUE,TRUE,1877,N239,4,5142,VN0841,2014\VN0841.xlsx,6
5598,5359,TRUE,TRUE,1418,L061,4,3194,VL0247,2012\VL0247.xlsx,10
5598,5359,TRUE,TRUE,1453,L096,4,3321,VL0385,2012\VL0385.xlsx,6
5625,5195,TRUE,TRUE,1386,L029,4,3063,VL0130,2012\VL0130.xlsx,6
5625,5195,TRUE,TRUE,1386,L029,4,3079,VL0146,2012\VL0146.xlsx,10
5625,5195,TRUE,TRUE,1426,L069,4,3205,VL0271,2012\VL0271.xlsx,6
5625,5195,TRUE,TRUE,1426,L069,4,3224,VL0289,2012\VL0289.xlsx,10
5625,5195,TRUE,TRUE,1526,M068,4,3599,VM0269,2013\VM0269.xlsx,6
5625,5195,TRUE,TRUE,1526,M068,4,3642,VM0316,2013\VM0316.xlsx,10
5625,5195,TRUE,TRUE,1590,M132,4,3892,VM0555,2013\VM0555.xlsx,10
5625,5195,TRUE,TRUE,1688,N050,4,4192,VN0205,2014\VN0205.xlsx,6
5625,5195,TRUE,TRUE,1688,N050,4,4227,VN0245,2014\VN0245.xlsx,10
5625,5195,TRUE,TRUE,1779,N141,4,4484,VN0522,2014\VN0522.xlsx,6
5625,5195,TRUE,TRUE,1779,N141,4,4523,VN0564,2014\VN0564.xlsx,10
5625,5195,TRUE,TRUE,1857,N219,4,4762,VN0803,2014\VN0803.xlsx,6
5625,5195,TRUE,TRUE,1857,N219,4,4781,VN0821,2014\VN0821.xlsx,10
6238,6240,TRUE,TRUE,1427,L070,4,3215,VL0281,2012\VL0281.xlsx,6
6238,6240,TRUE,TRUE,1427,L070,4,3233,VL0298,2012\VL0298.xlsx,10
6238,6240,TRUE,TRUE,1471,M013,4,3447,VM0048,2013\VM0048.xlsx,6
6238,6240,TRUE,TRUE,1471,M013,4,3462,VM0080,2013\VM0080.xlsx,10
6238,6240,TRUE,TRUE,1556,M098,4,3674,VM0348,2013\VM0348.xlsx,6
6238,6240,TRUE,TRUE,1556,M098,4,3700,VM0374,2013\VM0374.xlsx,10
6245,5031,TRUE,TRUE,1421,L064,4,3191,VL0244,2012\VL0244.xlsx,6
6245,5031,TRUE,TRUE,1421,L064,4,3171,VL0255,2012\VL0255.xlsx,10
6250,6517,TRUE,TRUE,1538,M080,4,3661,VM0335,2013\VM0335.xlsx,10
6250,6532,TRUE,TRUE,1739,N101,4,4352,VN0391,2014\VN0391.xlsx,6
6250,6532,TRUE,TRUE,1739,N101,4,4392,VN0431,2014\VN0431.xlsx,10
6250,6532,TRUE,TRUE,1825,N187,4,4692,VN0731,2014\VN0731.xlsx,6
6250,6532,TRUE,TRUE,1825,N187,4,4724,VN0763,2014\VN0763.xlsx,10
6250,6862,TRUE,TRUE,1883,O004,4,4835,VO0033,2015\VO0033.xlsx,6
6250,6862,TRUE,TRUE,1883,O004,4,4846,VO0043,2015\VO0043.xlsx,10
6267,6433,TRUE,TRUE,1559,M101,4,3686,VM0360,2013\VM0360.xlsx,6
6267,6433,TRUE,TRUE,1559,M101,4,3713,VM0386,2013\VM0386.xlsx,10
6267,6270,TRUE,TRUE,1771,N133,4,4452,VN0491,2014\VN0491.xlsx,10
6269,6270,TRUE,TRUE,1673,N035,4,4154,VN0168,2014\VN0168.xlsx,6
6269,6270,TRUE,TRUE,1673,N035,4,4195,VN0208,2014\VN0208.xlsx,10
6290,5393,TRUE,TRUE,1479,M021,4,3452,VM0054,2013\VM0054.xlsx,6
6290,5393,TRUE,TRUE,1479,M021,4,3464,VM0084,2013\VM0084.xlsx,10
6290,5393,TRUE,TRUE,1551,M093,4,3669,VM0343,2013\VM0343.xlsx,6
6290,5393,TRUE,TRUE,1551,M093,4,3689,VM0363,2013\VM0363.xlsx,10
6290,5393,TRUE,TRUE,1604,M146,4,3902,VM0563,2013\VM0563.xlsx,6
6290,7268,TRUE,TRUE,1720,N082,4,4262,VN0294,2014\VN0294.xlsx,6
6290,7268,TRUE,TRUE,1720,N082,4,4290,VN0325,2014\VN0325.xlsx,10
6290,7268,TRUE,TRUE,1804,N166,4,4582,VN0622,2014\VN0622.xlsx,6
6290,7268,TRUE,TRUE,1804,N166,4,4616,VN0657,2014\VN0657.xlsx,10
6290,6902,TRUE,TRUE,1880,O001,4,4806,VO0006,2015\VO0006.xlsx,6
6290,6902,TRUE,TRUE,1880,O001,4,4818,VO0018,2015\VO0018.xlsx,10
6316,6344,TRUE,TRUE,1612,M154,4,3913,VM0574,2013\VM0574.xlsx,6
6316,6344,TRUE,TRUE,1687,N049,4,4191,VN0204,2014\VN0204.xlsx,6
6316,6344,TRUE,TRUE,1687,N049,4,4226,VN0244,2014\VN0244.xlsx,10
6316,6344,TRUE,TRUE,1785,N147,4,4499,VN0537,2014\VN0537.xlsx,6
6316,6344,TRUE,TRUE,1785,N147,4,4536,VN0577,2014\VN0577.xlsx,10
6317,5593,TRUE,TRUE,1529,M071,4,3614,VM0287,2013\VM0287.xlsx,6
6317,5593,TRUE,TRUE,1529,M071,4,3654,VM0328,2013\VM0328.xlsx,10
6317,5593,TRUE,TRUE,1611,M153,4,3925,VM0586,2013\VM0586.xlsx,6
6317,5593,TRUE,TRUE,1611,M153,4,3954,VM0615,2013\VM0615.xlsx,10
6317,5466,TRUE,TRUE,1664,N026,4,4116,VN0129,2014\VN0129.xlsx,6
6317,5466,TRUE,TRUE,1664,N026,4,4145,VN0153,2014\VN0153.xlsx,10
6317,5466,TRUE,TRUE,1750,N112,4,4428,VN0467,2014\VN0467.xlsx,6
6317,5466,TRUE,TRUE,1750,N112,4,4468,VN0507,2014\VN0507.xlsx,10
6317,5466,TRUE,TRUE,1841,N203,4,4728,VN0767,2014\VN0767.xlsx,6
6317,5466,TRUE,TRUE,1841,N203,4,4755,VN0796,2014\VN0796.xlsx,10
6321,5517,TRUE,TRUE,1494,M036,4,3487,VM0135,2013\VM0135.xlsx,6
6321,5517,TRUE,TRUE,1494,M036,4,3519,VM0172,2013\VM0172.xlsx,10
6321,5517,TRUE,TRUE,1572,M114,4,3754,VM0426,2013\VM0426.xlsx,6
6321,5517,TRUE,TRUE,1572,M114,4,3777,VM0443,2013\VM0443.xlsx,10
6321,5517,TRUE,TRUE,1640,N002,4,3987,VN0009,2014\VN0009.xlsx,6
6321,5517,TRUE,TRUE,1640,N002,4,4001,VN0022,2014\VN0022.xlsx,10
6321,5517,TRUE,TRUE,1719,N081,4,4272,VN0304,2014\VN0304.xlsx,6
6321,5517,TRUE,TRUE,1719,N081,4,4303,VN0339,2014\VN0339.xlsx,10
6321,5517,TRUE,TRUE,1811,N173,4,4636,VN0675,2014\VN0675.xlsx,6
6321,5517,TRUE,TRUE,1811,N173,4,4669,VN0706,2014\VN0706.xlsx,10
6323,5623,TRUE,TRUE,1608,M150,4,3907,VM0568,2013\VM0568.xlsx,6
6323,6533,TRUE,TRUE,1730,N092,4,4294,VN0329,2014\VN0329.xlsx,6
6323,6533,TRUE,TRUE,1831,N193,4,4656,VN0694,2014\VN0694.xlsx,6
6323,6533,TRUE,TRUE,1831,N193,4,4685,VN0723,2014\VN0723.xlsx,10
6370,5311,TRUE,TRUE,1527,M069,4,3600,VM0271,2013\VM0271.xlsx,6
6370,5311,TRUE,TRUE,1527,M069,4,3644,VM0318,2013\VM0318.xlsx,10
6370,5311,TRUE,TRUE,1591,M133,4,3870,VM0535,2013\VM0535.xlsx,6
6370,5311,TRUE,TRUE,1591,M133,4,3908,VM0569,2013\VM0569.xlsx,10
6370,5311,TRUE,TRUE,1693,N055,4,4206,VN0220,2014\VN0220.xlsx,6
6370,5311,TRUE,TRUE,1693,N055,4,4240,VN0258,2014\VN0258.xlsx,10
6374,6532,TRUE,TRUE,1594,M136,4,3879,VM0542,2013\VM0542.xlsx,6
6384,6509,TRUE,TRUE,1535,M077,4,3618,VM0291,2013\VM0291.xlsx,6
6384,6509,TRUE,TRUE,1535,M077,4,3657,VM0331,2013\VM0331.xlsx,10
6384,6509,TRUE,TRUE,1621,M163,4,3937,VM0598,2013\VM0598.xlsx,6
6384,6509,TRUE,TRUE,1621,M163,4,3962,VM0623,2013\VM0623.xlsx,10
6384,6509,TRUE,TRUE,1671,N033,4,4138,VN0157,2014\VN0157.xlsx,6
6384,6509,TRUE,TRUE,1671,N033,4,4179,VN0192,2014\VN0192.xlsx,10
6384,6509,TRUE,TRUE,1775,N137,4,4483,VN0521,2014\VN0521.xlsx,6
6384,6509,TRUE,TRUE,1775,N137,4,4522,VN0563,2014\VN0563.xlsx,10
6387,5202,TRUE,TRUE,1606,M148,4,3903,VM0564,2013\VM0564.xlsx,6
6387,5202,TRUE,TRUE,1606,M148,4,3942,VM0603,2013\VM0603.xlsx,10
6387,5202,TRUE,TRUE,1802,N164,4,4565,VN0604,2014\VN0604.xlsx,6
6387,5202,TRUE,TRUE,1802,N164,4,4601,VN0642,2014\VN0642.xlsx,10
6392,6280,TRUE,TRUE,1577,M119,4,3790,VM0465,2013\VM0465.xlsx,6
6392,6280,TRUE,TRUE,1577,M119,4,3835,VM0504,2013\VM0504.xlsx,10
6420,6455,TRUE,TRUE,1546,M088,4,3660,VM0334,2013\VM0334.xlsx,10
6421,6501,TRUE,TRUE,1565,M107,4,3711,VM0384,2013\VM0384.xlsx,6
6451,5623,TRUE,TRUE,1495,M037,4,3502,VM0155,2013\VM0155.xlsx,6
6451,5623,TRUE,TRUE,1495,M037,4,3535,VM0193,2013\VM0193.xlsx,10
6451,5048,TRUE,TRUE,1576,M118,4,3976,VM0452,2013\VM0452.xlsx,6
6451,5623,TRUE,TRUE,1677,N039,4,4153,VN0167,2014\VN0167.xlsx,6
6451,5623,TRUE,TRUE,1677,N039,4,4194,VN0207,2014\VN0207.xlsx,10
6451,5623,TRUE,TRUE,1782,N144,4,4505,VN0543,2014\VN0543.xlsx,6
6451,5623,TRUE,TRUE,1782,N144,4,4538,VN0579,2014\VN0579.xlsx,10
6451,5623,TRUE,TRUE,1864,N226,4,4787,VN0827,2014\VN0827.xlsx,6
6451,5623,TRUE,TRUE,1864,N226,4,4794,VN0834,2014\VN0834.xlsx,10
6453,5468,TRUE,TRUE,1618,M160,4,3932,VM0590,2013\VM0590.xlsx,6
6453,5468,TRUE,TRUE,1618,M160,4,3959,VM0620,2013\VM0620.xlsx,10
6458,6563,TRUE,TRUE,1769,N131,4,4390,VN0429,2014\VN0429.xlsx,6
6459,6447,TRUE,TRUE,1519,M061,4,3578,VM0248,2013\VM0248.xlsx,6
6459,6447,TRUE,TRUE,1519,M061,4,3616,VM0289,2013\VM0289.xlsx,10
6460,6436,TRUE,TRUE,1523,M065,4,3590,VM0260,2013\VM0260.xlsx,6
6460,6436,TRUE,TRUE,1523,M065,4,3636,VM0310,2013\VM0310.xlsx,10
6460,6436,TRUE,TRUE,1607,M149,4,3905,VM0566,2013\VM0566.xlsx,6
6460,6436,TRUE,TRUE,1607,M149,4,3944,VM0605,2013\VM0605.xlsx,10
6462,6648,TRUE,TRUE,1629,M171,4,3919,VM0580,2013\VM0580.xlsx,6
6462,6648,TRUE,TRUE,1707,N069,4,4198,VN0211,2014\VN0211.xlsx,6
6462,6648,TRUE,TRUE,1707,N069,4,4231,VN0248,2014\VN0248.xlsx,10
6462,6648,TRUE,TRUE,1788,N150,4,4530,VN0571,2014\VN0571.xlsx,6
6476,6251,TRUE,TRUE,1528,M070,4,3610,VM0282,2013\VM0282.xlsx,6
6476,6251,TRUE,TRUE,1528,M070,4,3651,VM0325,2013\VM0325.xlsx,10
6491,6260,TRUE,TRUE,1499,M041,4,3496,VM0145,2013\VM0145.xlsx,6
6491,6260,TRUE,TRUE,1499,M041,4,3529,VM0188,2013\VM0188.xlsx,10
6499,5489,TRUE,TRUE,1585,M127,4,3832,VM0501,2013\VM0501.xlsx,6
6499,5489,TRUE,TRUE,1585,M127,4,3863,VM0528,2013\VM0528.xlsx,10
6500,5048,TRUE,TRUE,1489,M031,4,3493,VM0142,2013\VM0142.xlsx,6
6500,5048,TRUE,TRUE,1489,M031,4,3525,VM0182,2013\VM0182.xlsx,10
6500,6521,TRUE,TRUE,1600,M142,4,3895,VM0557,2013\VM0557.xlsx,6
6500,6527,TRUE,TRUE,1783,N145,4,4490,VN0528,2014\VN0528.xlsx,6
6500,6527,TRUE,TRUE,1783,N145,4,4529,VN0570,2014\VN0570.xlsx,10
6506,6492,TRUE,TRUE,1498,M040,4,3491,VM0141,2013\VM0141.xlsx,6
6506,6492,TRUE,TRUE,1498,M040,4,3523,VM0180,2013\VM0180.xlsx,10
6522,5222,TRUE,TRUE,1488,M030,4,3479,VM0119,2013\VM0119.xlsx,6
6522,5222,TRUE,TRUE,1488,M030,4,3500,VM0152,2013\VM0152.xlsx,10
6526,6371,TRUE,TRUE,1507,M049,4,3543,VM0202,2013\VM0202.xlsx,6
6526,6371,TRUE,TRUE,1507,M049,4,3572,VM0240,2013\VM0240.xlsx,10
6526,6808,TRUE,TRUE,1733,N095,4,4318,VN0356,2014\VN0356.xlsx,6
6526,6808,TRUE,TRUE,1733,N095,4,4356,VN0395,2014\VN0395.xlsx,10
6530,6817,TRUE,TRUE,1772,N134,4,4423,VN0462,2014\VN0462.xlsx,6
6530,7200,TRUE,TRUE,1856,N218,4,4765,VN0806,2014\VN0806.xlsx,6
6530,7200,TRUE,TRUE,1856,N218,4,4784,VN0824,2014\VN0824.xlsx,10
6536,6391,TRUE,TRUE,1817,N179,4,4545,VN0586,2014\VN0586.xlsx,6
6536,6391,TRUE,TRUE,1817,N179,4,4575,VN0614,2014\VN0614.xlsx,10
6536,7074,TRUE,TRUE,1885,O006,4,4836,VO0034,2015\VO0034.xlsx,6
6536,7074,TRUE,TRUE,1885,O006,4,4847,VO0044,2015\VO0044.xlsx,10
6543,4900,TRUE,TRUE,1511,M053,4,3552,VM0215,2013\VM0215.xlsx,6
6543,4900,TRUE,TRUE,1511,M053,4,3579,VM0249,2013\VM0249.xlsx,10
6543,5222,TRUE,TRUE,1586,M128,4,3823,VM0493,2013\VM0493.xlsx,6
6543,5222,TRUE,TRUE,1586,M128,4,3858,VM0523,2013\VM0523.xlsx,10
6543,5222,TRUE,TRUE,1679,N041,4,4162,VN0175,2014\VN0175.xlsx,6
6543,5222,TRUE,TRUE,1679,N041,4,4204,VN0217,2014\VN0217.xlsx,10
6543,5222,TRUE,TRUE,1778,N140,4,4491,VN0529,2014\VN0529.xlsx,6
6543,5222,TRUE,TRUE,1778,N140,4,4531,VN0572,2014\VN0572.xlsx,10
6555,5035,TRUE,TRUE,1566,M108,4,3726,VM0399,2013\VM0399.xlsx,6
6555,5035,TRUE,TRUE,1566,M108,4,3745,VM0418,2013\VM0418.xlsx,10
6555,6492,TRUE,TRUE,1650,N012,4,4071,VN0095,2014\VN0095.xlsx,10
6555,6492,TRUE,TRUE,1761,N123,4,4367,VN0406,2014\VN0406.xlsx,6
6555,6492,TRUE,TRUE,1761,N123,4,4401,VN0440,2014\VN0440.xlsx,10
6555,6492,TRUE,TRUE,1829,N191,4,4709,VN0748,2014\VN0748.xlsx,6
6555,6492,TRUE,TRUE,1829,N191,4,4738,VN0777,2014\VN0777.xlsx,10
6565,6887,TRUE,TRUE,1616,M158,4,3939,VM0600,2013\VM0600.xlsx,6
6638,5449,TRUE,TRUE,1484,M026,4,3457,VM0068,2013\VM0068.xlsx,6
6638,5449,TRUE,TRUE,1522,M064,4,3589,VM0259,2013\VM0259.xlsx,6
6638,5449,TRUE,TRUE,1522,M064,4,3635,VM0309,2013\VM0309.xlsx,10
6638,5449,TRUE,TRUE,1587,M129,4,3843,VM0510,2013\VM0510.xlsx,6
6638,5449,TRUE,TRUE,1587,M129,4,3869,VM0534,2013\VM0534.xlsx,10
6638,5449,TRUE,TRUE,1705,N067,4,4256,VN0289,2014\VN0289.xlsx,10
6638,5449,TRUE,TRUE,1800,N162,4,4566,VN0605,2014\VN0605.xlsx,6
6638,5449,TRUE,TRUE,1800,N162,4,4603,VN0644,2014\VN0644.xlsx,10
6639,6533,TRUE,TRUE,1646,N008,4,4033,VN0053,2014\VN0053.xlsx,6
6639,6533,TRUE,TRUE,1646,N008,4,4064,VN0086,2014\VN0086.xlsx,10
6639,6862,TRUE,TRUE,1791,N153,4,4526,VN0567,2014\VN0567.xlsx,6
6641,5031,TRUE,TRUE,1676,N038,4,4152,VN0166,2014\VN0166.xlsx,6
6641,5031,TRUE,TRUE,1676,N038,4,4193,VN0206,2014\VN0206.xlsx,10
6641,5031,TRUE,TRUE,1776,N138,4,4486,VN0524,2014\VN0524.xlsx,6
6641,5031,TRUE,TRUE,1776,N138,4,4524,VN0565,2014\VN0565.xlsx,10
6643,6527,TRUE,TRUE,1505,M047,4,3540,VM0198,2013\VM0198.xlsx,6
6643,6260,TRUE,TRUE,1574,M116,4,3801,VM0456,2013\VM0456.xlsx,10
6643,6260,TRUE,TRUE,1660,N022,4,4093,VN0105,2014\VN0105.xlsx,6
6643,6260,TRUE,TRUE,1660,N022,4,4125,VN0138,2014\VN0138.xlsx,10
6643,6260,TRUE,TRUE,1759,N121,4,4355,VN0394,2014\VN0394.xlsx,6
6643,6260,TRUE,TRUE,1759,N121,4,4394,VN0433,2014\VN0433.xlsx,10
6643,6260,TRUE,TRUE,1827,N189,4,4696,VN0735,2014\VN0735.xlsx,6
6643,6260,TRUE,TRUE,1827,N189,4,4726,VN0765,2014\VN0765.xlsx,10
6643,7814,TRUE,TRUE,1881,O002,4,4805,VO0005,2015\VO0005.xlsx,6
6643,7814,TRUE,TRUE,1881,O002,4,4816,VO0016,2015\VO0016.xlsx,10
6647,5253,TRUE,TRUE,1553,M095,4,3675,VM0349,2013\VM0349.xlsx,6
6647,5253,TRUE,TRUE,1553,M095,4,3699,VM0373,2013\VM0373.xlsx,10
6649,6521,TRUE,TRUE,1473,M015,4,3360,VM0035,2013\VM0035.xlsx,6
6649,6521,TRUE,TRUE,1473,M015,4,3454,VM0058,2013\VM0058.xlsx,10
6649,6923,TRUE,TRUE,1712,N074,4,4273,VN0305,2014\VN0305.xlsx,10
6649,6923,TRUE,TRUE,1797,N159,4,4555,VN0596,2014\VN0596.xlsx,6
6649,6923,TRUE,TRUE,1797,N159,4,4591,VN0632,2014\VN0632.xlsx,10
6689,7079,TRUE,TRUE,1826,N188,4,4705,VN0744,2014\VN0744.xlsx,6
6767,4900,TRUE,TRUE,1656,N018,4,4010,VN0029,2014\VN0029.xlsx,6
6767,4900,TRUE,TRUE,1656,N018,4,4037,VN0058,2014\VN0058.xlsx,10
6767,4900,TRUE,TRUE,1734,N096,4,4314,VN0352,2014\VN0352.xlsx,6
6767,4900,TRUE,TRUE,1734,N096,4,4347,VN0386,2014\VN0386.xlsx,10
6774,7274,TRUE,TRUE,1796,N158,4,4550,VN0591,2014\VN0591.xlsx,6
6774,7274,TRUE,TRUE,1796,N158,4,4584,VN0624,2014\VN0624.xlsx,10
6776,6924,TRUE,TRUE,1808,N170,4,4604,VN0645,2014\VN0645.xlsx,6
6776,6924,TRUE,TRUE,1808,N170,4,4638,VN0677,2014\VN0677.xlsx,10
6795,6894,TRUE,TRUE,1756,N118,4,4443,VN0482,2014\VN0482.xlsx,6
6795,6894,TRUE,TRUE,1756,N118,4,4489,VN0527,2014\VN0527.xlsx,10
6795,6894,TRUE,TRUE,1840,N202,4,4745,VN0784,2014\VN0784.xlsx,6
6795,6894,TRUE,TRUE,1840,N202,4,4768,VN0809,2014\VN0809.xlsx,10
6812,6435,TRUE,TRUE,1805,N167,4,4605,VN0646,2014\VN0646.xlsx,6
6812,6435,TRUE,TRUE,1805,N167,4,4639,VN0678,2014\VN0678.xlsx,10
6845,6280,TRUE,TRUE,1746,N108,4,4377,VN0416,2014\VN0416.xlsx,6
6845,6280,TRUE,TRUE,1746,N108,4,4424,VN0463,2014\VN0463.xlsx,10
6845,6280,TRUE,TRUE,1836,N198,4,4706,VN0745,2014\VN0745.xlsx,6
6845,6280,TRUE,TRUE,1836,N198,4,4737,VN0776,2014\VN0776.xlsx,10
6871,6816,TRUE,TRUE,1691,N053,4,4207,VN0221,2014\VN0221.xlsx,6
6871,6816,TRUE,TRUE,1691,N053,4,4241,VN0259,2014\VN0259.xlsx,10
6888,4722,TRUE,TRUE,1735,N097,4,4327,VN0365,2014\VN0365.xlsx,6
6888,4722,TRUE,TRUE,1735,N097,4,4371,VN0410,2014\VN0410.xlsx,10
6888,4722,TRUE,TRUE,1824,N186,4,4691,VN0730,2014\VN0730.xlsx,6
6888,4722,TRUE,TRUE,1824,N186,4,4722,VN0761,2014\VN0761.xlsx,10
6897,7046,TRUE,TRUE,1846,N208,4,4736,VN0775,2014\VN0775.xlsx,6
6897,7046,TRUE,TRUE,1846,N208,4,4760,VN0801,2014\VN0801.xlsx,10
6907,7113,TRUE,TRUE,1743,N105,4,4366,VN0405,2014\VN0405.xlsx,6
6907,7113,TRUE,TRUE,1743,N105,4,4406,VN0445,2014\VN0445.xlsx,10
6907,7113,TRUE,TRUE,1853,N215,4,4752,VN0791,2014\VN0791.xlsx,6
6907,7113,TRUE,TRUE,1853,N215,4,4776,VN0816,2014\VN0816.xlsx,10
6919,6806,TRUE,TRUE,1830,N192,4,4703,VN0742,2014\VN0742.xlsx,6
6919,6806,TRUE,TRUE,1830,N192,4,4735,VN0774,2014\VN0774.xlsx,10
6920,6902,TRUE,TRUE,1667,N029,4,4119,VN0132,2014\VN0132.xlsx,6
6920,6902,TRUE,TRUE,1667,N029,4,4148,VN0162,2014\VN0162.xlsx,10
6920,6902,TRUE,TRUE,1764,N126,4,4437,VN0476,2014\VN0476.xlsx,6
6920,6902,TRUE,TRUE,1764,N126,4,4478,VN0517,2014\VN0517.xlsx,10
6920,6902,TRUE,TRUE,1847,N209,4,4750,VN0789,2014\VN0789.xlsx,6
6920,6902,TRUE,TRUE,1847,N209,4,4772,VN0813,2014\VN0813.xlsx,10
6930,7203,TRUE,TRUE,1703,N065,4,4244,VN0262,2014\VN0262.xlsx,6
6930,7203,TRUE,TRUE,1703,N065,4,4259,VN0292,2014\VN0292.xlsx,10
6930,7203,TRUE,TRUE,1809,N171,4,4540,VN0581,2014\VN0581.xlsx,6
6930,7203,TRUE,TRUE,1809,N171,4,4569,VN0608,2014\VN0608.xlsx,10
6935,6808,TRUE,TRUE,1807,N169,4,4590,VN0631,2014\VN0631.xlsx,6
6935,6808,TRUE,TRUE,1807,N169,4,4626,VN0666,2014\VN0666.xlsx,10
6955,6927,TRUE,TRUE,1668,N030,4,4135,VN0148,2014\VN0148.xlsx,6
6955,6927,TRUE,TRUE,1765,N127,4,4460,VN0499,2014\VN0499.xlsx,6
6955,6927,TRUE,TRUE,1765,N127,4,4500,VN0538,2014\VN0538.xlsx,10
6955,6924,TRUE,TRUE,1889,O010,4,4845,VO0042,2015\VO0042.xlsx,6
6967,6562,TRUE,TRUE,1659,N021,4,4107,VN0120,2014\VN0120.xlsx,6
6967,6562,TRUE,TRUE,1659,N021,4,4139,VN0158,2014\VN0158.xlsx,10
6967,6562,TRUE,TRUE,1757,N119,4,4439,VN0478,2014\VN0478.xlsx,6
6967,6562,TRUE,TRUE,1757,N119,4,4485,VN0523,2014\VN0523.xlsx,10
6974,6790,TRUE,TRUE,1795,N157,4,4543,VN0584,2014\VN0584.xlsx,6
6974,6790,TRUE,TRUE,1795,N157,4,4572,VN0611,2014\VN0611.xlsx,10
6976,6436,TRUE,TRUE,1763,N125,4,4447,VN0486,2014\VN0486.xlsx,6
6976,6436,TRUE,TRUE,1763,N125,4,4493,VN0531,2014\VN0531.xlsx,10
6977,6581,TRUE,TRUE,1784,N146,4,4509,VN0547,2014\VN0547.xlsx,6
6977,6581,TRUE,TRUE,1784,N146,4,4542,VN0583,2014\VN0583.xlsx,10
6987,6386,TRUE,TRUE,1758,N120,4,4416,VN0455,2014\VN0455.xlsx,6
6987,6386,TRUE,TRUE,1758,N120,4,4451,VN0490,2014\VN0490.xlsx,10
6987,6386,TRUE,TRUE,1858,N220,4,4712,VN0751,2014\VN0751.xlsx,6
6987,6386,TRUE,TRUE,1858,N220,4,4740,VN0779,2014\VN0779.xlsx,10
6991,6377,TRUE,TRUE,1700,N062,4,4141,VN0160,2014\VN0160.xlsx,6
6991,6377,TRUE,TRUE,1787,N149,4,4515,VN0554,2014\VN0554.xlsx,6
6991,6377,TRUE,TRUE,1787,N149,4,4544,VN0585,2014\VN0585.xlsx,10
6994,7002,TRUE,TRUE,1803,N165,4,4576,VN0615,2014\VN0615.xlsx,6
6994,7002,TRUE,TRUE,1803,N165,4,4612,VN0653,2014\VN0653.xlsx,10
7011,7264,TRUE,TRUE,1653,N015,4,4075,VN0099,2014\VN0099.xlsx,6
7011,7264,TRUE,TRUE,1653,N015,4,4111,VN0124,2014\VN0124.xlsx,10
7022,7024,TRUE,TRUE,1558,M100,4,3685,VM0359,2013\VM0359.xlsx,6
7022,7024,TRUE,TRUE,1558,M100,4,3712,VM0385,2013\VM0385.xlsx,10
7034,6816,TRUE,TRUE,1718,N080,4,4402,VN0441,2014\VN0441.xlsx,10
7040,6833,TRUE,TRUE,1689,N051,4,4209,VN0223,2014\VN0223.xlsx,6
7040,6833,TRUE,TRUE,1689,N051,4,4242,VN0260,2014\VN0260.xlsx,10
7040,6833,TRUE,TRUE,1801,N163,4,4561,VN0600,2014\VN0600.xlsx,6
7040,6833,TRUE,TRUE,1801,N163,4,4595,VN0636,2014\VN0636.xlsx,10
7075,6944,TRUE,TRUE,1699,N061,4,4142,VN0161,2014\VN0161.xlsx,6
7103,6830,TRUE,TRUE,1749,N111,4,4412,VN0451,2014\VN0451.xlsx,6
7103,6830,TRUE,TRUE,1749,N111,4,4448,VN0487,2014\VN0487.xlsx,10
7103,6830,TRUE,TRUE,1837,N199,4,4717,VN0756,2014\VN0756.xlsx,6
7103,6830,TRUE,TRUE,1837,N199,4,4748,VN0787,2014\VN0787.xlsx,10
7132,7000,TRUE,TRUE,1815,N177,4,4519,VN0560,2014\VN0560.xlsx,6
7132,7000,TRUE,TRUE,1815,N177,4,4549,VN0590,2014\VN0590.xlsx,10
7133,6790,TRUE,TRUE,1736,N098,4,4340,VN0379,2014\VN0379.xlsx,6
7133,6790,TRUE,TRUE,1736,N098,4,4380,VN0419,2014\VN0419.xlsx,10
7133,7074,TRUE,TRUE,1833,N195,4,4699,VN0738,2014\VN0738.xlsx,6
7133,7074,TRUE,TRUE,1833,N195,4,4733,VN0772,2014\VN0772.xlsx,10
7641,7071,TRUE,TRUE,1701,N063,4,4225,VN0243,2014\VN0243.xlsx,6
7641,7071,TRUE,TRUE,1799,N161,4,4556,VN0597,2014\VN0597.xlsx,6
7641,7071,TRUE,TRUE,1799,N161,4,4592,VN0633,2014\VN0633.xlsx,10
7649,6786,TRUE,TRUE,1713,N075,4,4279,VN0311,2014\VN0311.xlsx,10
7649,6786,TRUE,TRUE,1812,N174,4,4631,VN0670,2014\VN0670.xlsx,6
7649,6786,TRUE,TRUE,1812,N174,4,4666,VN0703,2014\VN0703.xlsx,10
